loan_id,id,user_id,customer_id,loan_type,principal,principal_amount,tenure_months,interest_rate,interest_rate_apr,emi_amount,monthly_emi,months_paid,months_remaining,emi_day,next_due_date,status,nach_mandate_active,created_at
LN00000,LN00000,USR0000,USR0000,HOME_LOAN,2780000,2780000.0,174,9.28,9.28,29121,29121.0,31,143,2,2026-09-02,ACTIVE,1,2023-03-31 00:00:00
LN00001,LN00001,USR0001,USR0001,CREDIT_CARD_DEBT,220000,220000.0,22,38.57,38.57,14102,14102.0,15,7,1,2026-09-01,ACTIVE,1,2021-10-09 00:00:00
LN00002,LN00002,USR0001,USR0001,PERSONAL_LOAN,560000,560000.0,12,13.53,13.53,50157,50157.0,6,6,2,2026-09-02,ACTIVE,1,2021-10-09 00:00:00
LN00003,LN00003,USR0002,USR0002,EDUCATION_LOAN,1050000,1050000.0,104,9.12,9.12,14643,14643.0,9,95,8,2026-09-08,ACTIVE,1,2022-02-02 00:00:00
LN00004,LN00004,USR0003,USR0003,HOME_LOAN,6340000,6340000.0,178,8.49,8.49,62744,62744.0,25,153,2,2026-09-02,ACTIVE,1,2023-02-25 00:00:00
LN00005,LN00005,USR0004,USR0004,PERSONAL_LOAN,250000,250000.0,18,14.26,14.26,15509,15509.0,11,7,6,2026-09-06,ACTIVE,1,2023-04-09 00:00:00
LN00006,LN00006,USR0005,USR0005,VEHICLE_LOAN,1050000,1050000.0,44,9.98,9.98,28594,28594.0,25,19,3,2026-09-03,ACTIVE,1,2024-04-16 00:00:00
LN00007,LN00007,USR0006,USR0006,VEHICLE_LOAN,790000,790000.0,40,11.3,11.3,23794,23794.0,34,6,10,2026-09-10,ACTIVE,1,2024-01-11 00:00:00
LN00008,LN00008,USR0007,USR0007,HOME_LOAN,6070000,6070000.0,276,8.63,8.63,50664,50664.0,42,234,3,2026-09-03,ACTIVE,1,2023-05-25 00:00:00
LN00009,LN00009,USR0008,USR0008,EDUCATION_LOAN,1810000,1810000.0,82,10.39,10.39,30920,30920.0,47,35,4,2026-09-04,ACTIVE,1,2023-03-14 00:00:00
LN00010,LN00010,USR0009,USR0009,VEHICLE_LOAN,1050000,1050000.0,75,11.47,11.47,19677,19677.0,44,31,8,2026-09-08,ACTIVE,1,2022-05-08 00:00:00
LN00011,LN00011,USR0009,USR0009,CREDIT_CARD_DEBT,180000,180000.0,33,39.07,39.07,8980,8980.0,14,19,2,2026-09-02,ACTIVE,1,2022-05-08 00:00:00
LN00012,LN00012,USR0010,USR0010,PERSONAL_LOAN,580000,580000.0,60,13.9,13.9,13466,13466.0,8,52,10,2026-09-10,ACTIVE,1,2021-04-13 00:00:00
LN00013,LN00013,USR0010,USR0010,CREDIT_CARD_DEBT,190000,190000.0,29,26.85,26.85,8976,8976.0,13,16,6,2026-09-06,ACTIVE,1,2021-04-13 00:00:00
LN00014,LN00014,USR0011,USR0011,EDUCATION_LOAN,1790000,1790000.0,110,8.09,8.09,23098,23098.0,9,101,4,2026-09-04,ACTIVE,1,2023-04-07 00:00:00
LN00015,LN00015,USR0011,USR0011,VEHICLE_LOAN,1030000,1030000.0,53,8.52,8.52,23387,23387.0,42,11,2,2026-09-02,ACTIVE,1,2023-04-07 00:00:00
LN00016,LN00016,USR0012,USR0012,PERSONAL_LOAN,620000,620000.0,47,11.38,11.38,16410,16410.0,39,8,10,2026-09-10,ACTIVE,1,2023-08-19 00:00:00
LN00017,LN00017,USR0013,USR0013,CREDIT_CARD_DEBT,210000,210000.0,6,33.13,33.13,38459,38459.0,3,3,4,2026-09-04,ACTIVE,1,2022-09-06 00:00:00
LN00018,LN00018,USR0013,USR0013,VEHICLE_LOAN,210000,210000.0,69,9.15,9.15,3925,3925.0,39,30,9,2026-09-09,ACTIVE,1,2022-09-06 00:00:00
LN00019,LN00019,USR0013,USR0013,EDUCATION_LOAN,1390000,1390000.0,72,10.94,10.94,26415,26415.0,48,24,7,2026-09-07,ACTIVE,1,2022-09-06 00:00:00
LN00020,LN00020,USR0014,USR0014,VEHICLE_LOAN,460000,460000.0,51,10.54,10.54,11229,11229.0,32,19,7,2026-09-07,ACTIVE,1,2023-08-21 00:00:00
LN00021,LN00021,USR0014,USR0014,HOME_LOAN,5240000,5240000.0,148,9.06,9.06,58916,58916.0,16,132,8,2026-09-08,ACTIVE,1,2023-08-21 00:00:00
LN00022,LN00022,USR0016,USR0016,CREDIT_CARD_DEBT,140000,140000.0,17,41.33,41.33,11017,11017.0,11,6,3,2026-09-03,ACTIVE,1,2024-09-21 00:00:00
LN00023,LN00023,USR0016,USR0016,HOME_LOAN,4050000,4050000.0,219,8.77,8.77,37136,37136.0,56,163,10,2026-09-10,ACTIVE,1,2024-09-21 00:00:00
LN00024,LN00024,USR0017,USR0017,CREDIT_CARD_DEBT,40000,40000.0,23,40.87,40.87,2536,2536.0,22,1,3,2026-09-03,ACTIVE,1,2022-05-26 00:00:00
LN00025,LN00025,USR0017,USR0017,VEHICLE_LOAN,890000,890000.0,84,8.27,8.27,13992,13992.0,31,53,2,2026-09-02,ACTIVE,1,2022-05-26 00:00:00
LN00026,LN00026,USR0018,USR0018,PERSONAL_LOAN,600000,600000.0,49,10.87,10.87,15217,15217.0,5,44,1,2026-09-01,ACTIVE,1,2021-12-06 00:00:00
LN00027,LN00027,USR0019,USR0019,VEHICLE_LOAN,550000,550000.0,38,10.48,10.48,17070,17070.0,4,34,7,2026-09-07,ACTIVE,1,2023-07-21 00:00:00
LN00028,LN00028,USR0019,USR0019,PERSONAL_LOAN,130000,130000.0,44,15.29,15.29,3878,3878.0,19,25,9,2026-09-09,ACTIVE,1,2023-07-21 00:00:00
LN00029,LN00029,USR0020,USR0020,EDUCATION_LOAN,1950000,1950000.0,85,10.25,10.25,32362,32362.0,6,79,9,2026-09-09,ACTIVE,1,2021-06-28 00:00:00
LN00030,LN00030,USR0020,USR0020,CREDIT_CARD_DEBT,50000,50000.0,23,37.65,37.65,3084,3084.0,20,3,3,2026-09-03,ACTIVE,1,2021-06-28 00:00:00
LN00031,LN00031,USR0020,USR0020,VEHICLE_LOAN,220000,220000.0,53,8.09,8.09,4950,4950.0,6,47,5,2026-09-05,ACTIVE,1,2021-06-28 00:00:00
LN00032,LN00032,USR0021,USR0021,PERSONAL_LOAN,440000,440000.0,44,14.74,14.74,13004,13004.0,14,30,3,2026-09-03,ACTIVE,1,2023-05-27 00:00:00
LN00033,LN00033,USR0022,USR0022,EDUCATION_LOAN,1110000,1110000.0,85,8.82,8.82,17606,17606.0,38,47,2,2026-09-02,ACTIVE,1,2021-12-22 00:00:00
LN00034,LN00034,USR0023,USR0023,EDUCATION_LOAN,1080000,1080000.0,75,9.35,9.35,19069,19069.0,6,69,7,2026-09-07,ACTIVE,1,2021-02-10 00:00:00
LN00035,LN00035,USR0023,USR0023,PERSONAL_LOAN,210000,210000.0,19,14.87,14.87,12473,12473.0,15,4,10,2026-09-10,ACTIVE,1,2021-02-10 00:00:00
LN00036,LN00036,USR0023,USR0023,HOME_LOAN,6160000,6160000.0,275,7.94,7.94,48700,48700.0,4,271,5,2026-09-05,ACTIVE,1,2021-02-10 00:00:00
LN00037,LN00037,USR0025,USR0025,VEHICLE_LOAN,850000,850000.0,36,9.09,9.09,27065,27065.0,9,27,1,2026-09-01,ACTIVE,1,2022-08-25 00:00:00
LN00038,LN00038,USR0025,USR0025,PERSONAL_LOAN,770000,770000.0,22,11.33,11.33,38925,38925.0,16,6,6,2026-09-06,ACTIVE,1,2022-08-25 00:00:00
LN00039,LN00039,USR0026,USR0026,CREDIT_CARD_DEBT,240000,240000.0,22,31.56,31.56,14507,14507.0,9,13,3,2026-09-03,ACTIVE,1,2021-10-10 00:00:00
LN00040,LN00040,USR0027,USR0027,VEHICLE_LOAN,600000,600000.0,83,9.1,9.1,9768,9768.0,50,33,5,2026-09-05,ACTIVE,1,2022-10-26 00:00:00
LN00041,LN00041,USR0027,USR0027,PERSONAL_LOAN,790000,790000.0,58,12.75,12.75,18316,18316.0,57,1,2,2026-09-02,ACTIVE,1,2022-10-26 00:00:00
LN00042,LN00042,USR0028,USR0028,PERSONAL_LOAN,260000,260000.0,39,11.67,11.67,8043,8043.0,18,21,9,2026-09-09,ACTIVE,1,2021-08-15 00:00:00
LN00043,LN00043,USR0028,USR0028,VEHICLE_LOAN,230000,230000.0,40,10.61,10.61,6852,6852.0,17,23,10,2026-09-10,ACTIVE,1,2021-08-15 00:00:00
LN00044,LN00044,USR0029,USR0029,HOME_LOAN,7190000,7190000.0,247,8.45,8.45,61497,61497.0,30,217,9,2026-09-09,ACTIVE,1,2022-04-13 00:00:00
LN00045,LN00045,USR0030,USR0030,EDUCATION_LOAN,700000,700000.0,91,10.61,10.61,11230,11230.0,55,36,10,2026-09-10,ACTIVE,1,2024-01-29 00:00:00
LN00046,LN00046,USR0030,USR0030,PERSONAL_LOAN,640000,640000.0,22,14.74,14.74,33376,33376.0,12,10,3,2026-09-03,ACTIVE,1,2024-01-29 00:00:00
LN00047,LN00047,USR0031,USR0031,VEHICLE_LOAN,960000,960000.0,79,10.5,10.5,16883,16883.0,47,32,2,2026-09-02,ACTIVE,1,2022-10-18 00:00:00
LN00048,LN00048,USR0031,USR0031,HOME_LOAN,2790000,2790000.0,178,7.57,7.57,26132,26132.0,48,130,9,2026-09-09,ACTIVE,1,2022-10-18 00:00:00
LN00049,LN00049,USR0031,USR0031,CREDIT_CARD_DEBT,230000,230000.0,6,35.1,35.1,42352,42352.0,1,5,1,2026-09-01,ACTIVE,1,2022-10-18 00:00:00
LN00050,LN00050,USR0032,USR0032,PERSONAL_LOAN,440000,440000.0,42,11.15,11.15,12701,12701.0,24,18,7,2026-09-07,ACTIVE,1,2022-06-01 00:00:00
LN00051,LN00051,USR0032,USR0032,HOME_LOAN,2750000,2750000.0,158,8.87,8.87,29561,29561.0,12,146,1,2026-09-01,ACTIVE,1,2022-06-01 00:00:00
LN00052,LN00052,USR0033,USR0033,CREDIT_CARD_DEBT,70000,70000.0,31,32.85,32.85,3379,3379.0,30,1,7,2026-09-07,ACTIVE,1,2023-10-26 00:00:00
LN00053,LN00053,USR0034,USR0034,PERSONAL_LOAN,510000,510000.0,32,11.98,11.98,18697,18697.0,8,24,7,2026-09-07,ACTIVE,1,2022-08-22 00:00:00
LN00054,LN00054,USR0035,USR0035,EDUCATION_LOAN,900000,900000.0,112,9.37,9.37,12085,12085.0,5,107,10,2026-09-10,ACTIVE,1,2021-12-24 00:00:00
LN00055,LN00055,USR0035,USR0035,VEHICLE_LOAN,210000,210000.0,59,8.29,8.29,4346,4346.0,8,51,9,2026-09-09,ACTIVE,1,2021-12-24 00:00:00
LN00056,LN00056,USR0036,USR0036,PERSONAL_LOAN,440000,440000.0,23,13.8,13.8,21881,21881.0,8,15,9,2026-09-09,ACTIVE,1,2021-05-08 00:00:00
LN00057,LN00057,USR0037,USR0037,HOME_LOAN,6170000,6170000.0,222,9.22,9.22,58013,58013.0,5,217,8,2026-09-08,ACTIVE,1,2024-11-21 00:00:00
LN00058,LN00058,USR0038,USR0038,VEHICLE_LOAN,240000,240000.0,56,9.92,9.92,5371,5371.0,6,50,9,2026-09-09,ACTIVE,1,2024-05-12 00:00:00
LN00059,LN00059,USR0038,USR0038,CREDIT_CARD_DEBT,40000,40000.0,20,28.36,28.36,2533,2533.0,1,19,6,2026-09-06,ACTIVE,1,2024-05-12 00:00:00
LN00060,LN00060,USR0039,USR0039,VEHICLE_LOAN,340000,340000.0,72,10.0,10.0,6299,6299.0,51,21,5,2026-09-05,ACTIVE,1,2022-12-08 00:00:00
LN00061,LN00061,USR0039,USR0039,CREDIT_CARD_DEBT,160000,160000.0,29,36.64,36.64,8394,8394.0,20,9,4,2026-09-04,ACTIVE,1,2022-12-08 00:00:00
LN00062,LN00062,USR0040,USR0040,VEHICLE_LOAN,210000,210000.0,82,9.31,9.31,3471,3471.0,58,24,9,2026-09-09,ACTIVE,1,2024-02-01 00:00:00
LN00063,LN00063,USR0040,USR0040,EDUCATION_LOAN,1230000,1230000.0,108,8.26,8.26,16179,16179.0,51,57,4,2026-09-04,ACTIVE,1,2024-02-01 00:00:00
LN00064,LN00064,USR0040,USR0040,HOME_LOAN,4100000,4100000.0,158,7.57,7.57,41070,41070.0,1,157,7,2026-09-07,ACTIVE,1,2024-02-01 00:00:00
LN00065,LN00065,USR0042,USR0042,HOME_LOAN,2800000,2800000.0,179,8.64,8.64,27879,27879.0,35,144,6,2026-09-06,ACTIVE,1,2021-09-07 00:00:00
LN00066,LN00066,USR0043,USR0043,HOME_LOAN,6800000,6800000.0,120,7.9,7.9,82144,82144.0,49,71,7,2026-09-07,ACTIVE,1,2021-03-02 00:00:00
LN00067,LN00067,USR0043,USR0043,VEHICLE_LOAN,370000,370000.0,83,8.42,8.42,5896,5896.0,47,36,5,2026-09-05,ACTIVE,1,2021-03-02 00:00:00
LN00068,LN00068,USR0044,USR0044,PERSONAL_LOAN,590000,590000.0,38,10.67,10.67,18365,18365.0,32,6,1,2026-09-01,ACTIVE,1,2022-08-08 00:00:00
LN00069,LN00069,USR0044,USR0044,CREDIT_CARD_DEBT,240000,240000.0,10,24.94,24.94,26828,26828.0,5,5,2,2026-09-02,ACTIVE,1,2022-08-08 00:00:00
LN00070,LN00070,USR0045,USR0045,HOME_LOAN,6250000,6250000.0,253,9.24,9.24,56195,56195.0,27,226,6,2026-09-06,ACTIVE,1,2022-08-25 00:00:00
LN00071,LN00071,USR0045,USR0045,PERSONAL_LOAN,600000,600000.0,41,14.91,14.91,18766,18766.0,6,35,10,2026-09-10,ACTIVE,1,2022-08-25 00:00:00
LN00072,LN00072,USR0046,USR0046,HOME_LOAN,6890000,6890000.0,249,7.66,7.66,55327,55327.0,9,240,7,2026-09-07,ACTIVE,1,2022-06-05 00:00:00
LN00073,LN00073,USR0047,USR0047,HOME_LOAN,5290000,5290000.0,231,9.13,9.13,48704,48704.0,43,188,3,2026-09-03,ACTIVE,1,2023-06-28 00:00:00
LN00074,LN00074,USR0047,USR0047,CREDIT_CARD_DEBT,120000,120000.0,13,35.58,35.58,11258,11258.0,5,8,5,2026-09-05,ACTIVE,1,2023-06-28 00:00:00
LN00075,LN00075,USR0048,USR0048,VEHICLE_LOAN,930000,930000.0,61,8.33,8.33,18753,18753.0,45,16,6,2026-09-06,ACTIVE,1,2023-03-13 00:00:00
LN00076,LN00076,USR0049,USR0049,EDUCATION_LOAN,800000,800000.0,88,8.48,8.48,12240,12240.0,18,70,4,2026-09-04,ACTIVE,1,2022-05-26 00:00:00
LN00077,LN00077,USR0050,USR0050,HOME_LOAN,3320000,3320000.0,269,9.45,9.45,29752,29752.0,7,262,3,2026-09-03,ACTIVE,1,2023-03-08 00:00:00
LN00078,LN00078,USR0050,USR0050,PERSONAL_LOAN,340000,340000.0,18,11.5,11.5,20655,20655.0,6,12,8,2026-09-08,ACTIVE,1,2023-03-08 00:00:00
LN00079,LN00079,USR0050,USR0050,CREDIT_CARD_DEBT,200000,200000.0,20,35.86,35.86,13429,13429.0,11,9,7,2026-09-07,ACTIVE,1,2023-03-08 00:00:00
LN00080,LN00080,USR0051,USR0051,PERSONAL_LOAN,490000,490000.0,46,14.46,14.46,13938,13938.0,23,23,4,2026-09-04,ACTIVE,1,2023-07-22 00:00:00
LN00081,LN00081,USR0052,USR0052,EDUCATION_LOAN,1990000,1990000.0,79,10.92,10.92,35430,35430.0,30,49,5,2026-09-05,ACTIVE,1,2024-12-12 00:00:00
LN00082,LN00082,USR0053,USR0053,HOME_LOAN,3200000,3200000.0,160,8.86,8.86,34153,34153.0,52,108,5,2026-09-05,ACTIVE,1,2021-11-21 00:00:00
LN00083,LN00083,USR0053,USR0053,CREDIT_CARD_DEBT,40000,40000.0,32,24.55,24.55,1716,1716.0,23,9,10,2026-09-10,ACTIVE,1,2021-11-21 00:00:00
LN00084,LN00084,USR0054,USR0054,HOME_LOAN,4780000,4780000.0,175,9.24,9.24,49821,49821.0,54,121,6,2026-09-06,ACTIVE,1,2024-11-27 00:00:00
LN00085,LN00085,USR0055,USR0055,PERSONAL_LOAN,620000,620000.0,57,12.84,12.84,14586,14586.0,16,41,6,2026-09-06,ACTIVE,1,2023-08-22 00:00:00
LN00086,LN00086,USR0055,USR0055,HOME_LOAN,4080000,4080000.0,221,8.24,8.24,35936,35936.0,33,188,1,2026-09-01,ACTIVE,1,2023-08-22 00:00:00
LN00087,LN00087,USR0056,USR0056,EDUCATION_LOAN,460000,460000.0,112,10.6,10.6,6485,6485.0,12,100,1,2026-09-01,ACTIVE,1,2022-01-10 00:00:00
LN00088,LN00088,USR0056,USR0056,VEHICLE_LOAN,780000,780000.0,61,9.75,9.75,16267,16267.0,55,6,8,2026-09-08,ACTIVE,1,2022-01-10 00:00:00
LN00089,LN00089,USR0057,USR0057,VEHICLE_LOAN,690000,690000.0,65,11.49,11.49,14308,14308.0,7,58,3,2026-09-03,ACTIVE,1,2023-01-12 00:00:00
LN00090,LN00090,USR0057,USR0057,PERSONAL_LOAN,730000,730000.0,19,12.82,12.82,42656,42656.0,1,18,1,2026-09-01,ACTIVE,1,2023-01-12 00:00:00
LN00091,LN00091,USR0059,USR0059,VEHICLE_LOAN,1110000,1110000.0,44,8.84,8.84,29628,29628.0,13,31,7,2026-09-07,ACTIVE,1,2021-02-18 00:00:00
LN00092,LN00092,USR0060,USR0060,EDUCATION_LOAN,1410000,1410000.0,100,10.2,10.2,20988,20988.0,42,58,2,2026-09-02,ACTIVE,1,2021-09-12 00:00:00
LN00093,LN00093,USR0060,USR0060,CREDIT_CARD_DEBT,50000,50000.0,24,36.88,36.88,2976,2976.0,19,5,5,2026-09-05,ACTIVE,1,2021-09-12 00:00:00
LN00094,LN00094,USR0061,USR0061,PERSONAL_LOAN,230000,230000.0,24,11.81,11.81,10807,10807.0,21,3,8,2026-09-08,ACTIVE,1,2022-12-24 00:00:00
LN00095,LN00095,USR0061,USR0061,CREDIT_CARD_DEBT,240000,240000.0,31,27.26,27.26,10869,10869.0,5,26,2,2026-09-02,ACTIVE,1,2022-12-24 00:00:00
LN00096,LN00096,USR0062,USR0062,VEHICLE_LOAN,690000,690000.0,65,8.99,8.99,13448,13448.0,4,61,3,2026-09-03,ACTIVE,1,2023-06-20 00:00:00
LN00097,LN00097,USR0062,USR0062,HOME_LOAN,7220000,7220000.0,266,8.39,8.39,59861,59861.0,28,238,7,2026-09-07,ACTIVE,1,2023-06-20 00:00:00
LN00098,LN00098,USR0062,USR0062,EDUCATION_LOAN,1220000,1220000.0,91,9.08,9.08,18597,18597.0,2,89,7,2026-09-07,ACTIVE,1,2023-06-20 00:00:00
LN00099,LN00099,USR0063,USR0063,EDUCATION_LOAN,660000,660000.0,71,9.17,9.17,12079,12079.0,23,48,4,2026-09-04,ACTIVE,1,2024-04-18 00:00:00
LN00100,LN00100,USR0064,USR0064,PERSONAL_LOAN,280000,280000.0,40,14.11,14.11,8815,8815.0,10,30,1,2026-09-01,ACTIVE,1,2022-05-16 00:00:00
LN00101,LN00101,USR0064,USR0064,VEHICLE_LOAN,530000,530000.0,75,11.09,11.09,9828,9828.0,40,35,10,2026-09-10,ACTIVE,1,2022-05-16 00:00:00
LN00102,LN00102,USR0064,USR0064,CREDIT_CARD_DEBT,50000,50000.0,13,41.46,41.46,4839,4839.0,11,2,5,2026-09-05,ACTIVE,1,2022-05-16 00:00:00
LN00103,LN00103,USR0065,USR0065,EDUCATION_LOAN,780000,780000.0,116,8.22,8.22,9768,9768.0,36,80,8,2026-09-08,ACTIVE,1,2023-08-03 00:00:00
LN00104,LN00104,USR0065,USR0065,CREDIT_CARD_DEBT,60000,60000.0,7,33.36,33.36,9551,9551.0,1,6,5,2026-09-05,ACTIVE,1,2023-08-03 00:00:00
LN00105,LN00105,USR0066,USR0066,EDUCATION_LOAN,1730000,1730000.0,68,9.29,9.29,32819,32819.0,27,41,4,2026-09-04,ACTIVE,1,2024-08-03 00:00:00
LN00106,LN00106,USR0067,USR0067,VEHICLE_LOAN,820000,820000.0,76,10.83,10.83,14956,14956.0,52,24,9,2026-09-09,ACTIVE,1,2024-07-11 00:00:00
LN00107,LN00107,USR0068,USR0068,CREDIT_CARD_DEBT,60000,60000.0,17,24.66,24.66,4218,4218.0,16,1,9,2026-09-09,ACTIVE,1,2021-08-30 00:00:00
LN00108,LN00108,USR0068,USR0068,EDUCATION_LOAN,1580000,1580000.0,110,9.99,9.99,21986,21986.0,32,78,6,2026-09-06,ACTIVE,1,2021-08-30 00:00:00
LN00109,LN00109,USR0069,USR0069,EDUCATION_LOAN,1750000,1750000.0,84,10.42,10.42,29433,29433.0,18,66,3,2026-09-03,ACTIVE,1,2022-07-10 00:00:00
LN00110,LN00110,USR0070,USR0070,PERSONAL_LOAN,710000,710000.0,32,11.63,11.63,25912,25912.0,20,12,4,2026-09-04,ACTIVE,1,2021-07-10 00:00:00
LN00111,LN00111,USR0071,USR0071,PERSONAL_LOAN,290000,290000.0,29,10.81,10.81,11408,11408.0,2,27,8,2026-09-08,ACTIVE,1,2023-11-03 00:00:00
LN00112,LN00112,USR0072,USR0072,CREDIT_CARD_DEBT,240000,240000.0,30,24.71,24.71,10803,10803.0,19,11,4,2026-09-04,ACTIVE,1,2023-08-29 00:00:00
LN00113,LN00113,USR0072,USR0072,VEHICLE_LOAN,320000,320000.0,46,9.81,9.81,8374,8374.0,7,39,4,2026-09-04,ACTIVE,1,2023-08-29 00:00:00
LN00114,LN00114,USR0073,USR0073,PERSONAL_LOAN,320000,320000.0,59,13.29,13.29,7416,7416.0,4,55,4,2026-09-04,ACTIVE,1,2022-09-18 00:00:00
LN00115,LN00115,USR0073,USR0073,VEHICLE_LOAN,240000,240000.0,72,8.59,8.59,4277,4277.0,55,17,7,2026-09-07,ACTIVE,1,2022-09-18 00:00:00
LN00116,LN00116,USR0073,USR0073,EDUCATION_LOAN,1980000,1980000.0,82,10.9,10.9,34350,34350.0,60,22,3,2026-09-03,ACTIVE,1,2022-09-18 00:00:00
LN00117,LN00117,USR0074,USR0074,PERSONAL_LOAN,770000,770000.0,27,14.02,14.02,33418,33418.0,19,8,6,2026-09-06,ACTIVE,1,2023-09-15 00:00:00
LN00118,LN00118,USR0075,USR0075,VEHICLE_LOAN,650000,650000.0,81,10.06,10.06,11088,11088.0,45,36,6,2026-09-06,ACTIVE,1,2021-02-24 00:00:00
LN00119,LN00119,USR0075,USR0075,HOME_LOAN,4930000,4930000.0,265,8.83,8.83,42345,42345.0,37,228,3,2026-09-03,ACTIVE,1,2021-02-24 00:00:00
LN00120,LN00120,USR0076,USR0076,VEHICLE_LOAN,230000,230000.0,67,9.23,9.23,4406,4406.0,35,32,5,2026-09-05,ACTIVE,1,2023-11-23 00:00:00
LN00121,LN00121,USR0077,USR0077,PERSONAL_LOAN,240000,240000.0,14,14.2,14.2,18703,18703.0,2,12,1,2026-09-01,ACTIVE,1,2024-03-02 00:00:00
LN00122,LN00122,USR0077,USR0077,EDUCATION_LOAN,1950000,1950000.0,74,8.28,8.28,33738,33738.0,39,35,4,2026-09-04,ACTIVE,1,2024-03-02 00:00:00
LN00123,LN00123,USR0078,USR0078,HOME_LOAN,4660000,4660000.0,120,9.24,9.24,59638,59638.0,22,98,10,2026-09-10,ACTIVE,1,2023-04-13 00:00:00
LN00124,LN00124,USR0078,USR0078,EDUCATION_LOAN,680000,680000.0,72,10.08,10.08,12625,12625.0,52,20,3,2026-09-03,ACTIVE,1,2023-04-13 00:00:00
LN00125,LN00125,USR0079,USR0079,EDUCATION_LOAN,1910000,1910000.0,71,10.05,10.05,35797,35797.0,59,12,6,2026-09-06,ACTIVE,1,2023-04-20 00:00:00
LN00126,LN00126,USR0079,USR0079,CREDIT_CARD_DEBT,130000,130000.0,7,35.12,35.12,20808,20808.0,1,6,3,2026-09-03,ACTIVE,1,2023-04-20 00:00:00
LN00127,LN00127,USR0080,USR0080,CREDIT_CARD_DEBT,150000,150000.0,33,24.55,24.55,6296,6296.0,24,9,2,2026-09-02,ACTIVE,1,2022-07-20 00:00:00
LN00128,LN00128,USR0080,USR0080,PERSONAL_LOAN,750000,750000.0,35,14.29,14.29,26329,26329.0,26,9,10,2026-09-10,ACTIVE,1,2022-07-20 00:00:00
LN00129,LN00129,USR0080,USR0080,HOME_LOAN,6060000,6060000.0,145,7.93,7.93,65094,65094.0,22,123,5,2026-09-05,ACTIVE,1,2022-07-20 00:00:00
LN00130,LN00130,USR0081,USR0081,EDUCATION_LOAN,1030000,1030000.0,70,9.95,9.95,19455,19455.0,47,23,7,2026-09-07,ACTIVE,1,2023-03-13 00:00:00
LN00131,LN00131,USR0081,USR0081,PERSONAL_LOAN,170000,170000.0,52,14.12,14.12,4389,4389.0,32,20,6,2026-09-06,ACTIVE,1,2023-03-13 00:00:00
LN00132,LN00132,USR0082,USR0082,PERSONAL_LOAN,130000,130000.0,54,15.87,15.87,3384,3384.0,38,16,3,2026-09-03,ACTIVE,1,2021-10-11 00:00:00
LN00133,LN00133,USR0082,USR0082,VEHICLE_LOAN,610000,610000.0,60,11.48,11.48,13409,13409.0,20,40,5,2026-09-05,ACTIVE,1,2021-10-11 00:00:00
LN00134,LN00134,USR0082,USR0082,HOME_LOAN,6690000,6690000.0,152,8.63,8.63,72510,72510.0,12,140,1,2026-09-01,ACTIVE,1,2021-10-11 00:00:00
LN00135,LN00135,USR0083,USR0083,CREDIT_CARD_DEBT,220000,220000.0,33,31.27,31.27,10020,10020.0,3,30,3,2026-09-03,ACTIVE,1,2024-01-09 00:00:00
LN00136,LN00136,USR0083,USR0083,EDUCATION_LOAN,920000,920000.0,98,10.0,10.0,13774,13774.0,21,77,10,2026-09-10,ACTIVE,1,2024-01-09 00:00:00
LN00137,LN00137,USR0084,USR0084,PERSONAL_LOAN,630000,630000.0,21,14.89,14.89,34263,34263.0,11,10,2,2026-09-02,ACTIVE,1,2023-06-12 00:00:00
LN00138,LN00138,USR0084,USR0084,VEHICLE_LOAN,640000,640000.0,51,11.27,11.27,15851,15851.0,23,28,6,2026-09-06,ACTIVE,1,2023-06-12 00:00:00
LN00139,LN00139,USR0085,USR0085,PERSONAL_LOAN,480000,480000.0,52,10.53,10.53,11536,11536.0,6,46,6,2026-09-06,ACTIVE,1,2022-05-15 00:00:00
LN00140,LN00140,USR0086,USR0086,CREDIT_CARD_DEBT,100000,100000.0,6,31.13,31.13,18212,18212.0,3,3,4,2026-09-04,ACTIVE,1,2024-06-01 00:00:00
LN00141,LN00141,USR0087,USR0087,PERSONAL_LOAN,370000,370000.0,34,12.97,12.97,13062,13062.0,17,17,2,2026-09-02,ACTIVE,1,2021-04-16 00:00:00
LN00142,LN00142,USR0087,USR0087,HOME_LOAN,3430000,3430000.0,120,8.25,8.25,42070,42070.0,4,116,7,2026-09-07,ACTIVE,1,2021-04-16 00:00:00
LN00143,LN00143,USR0088,USR0088,EDUCATION_LOAN,520000,520000.0,106,9.81,9.81,7353,7353.0,27,79,3,2026-09-03,ACTIVE,1,2023-03-29 00:00:00
LN00144,LN00144,USR0089,USR0089,EDUCATION_LOAN,1390000,1390000.0,116,9.39,9.39,18277,18277.0,25,91,6,2026-09-06,ACTIVE,1,2022-02-13 00:00:00
LN00145,LN00145,USR0089,USR0089,CREDIT_CARD_DEBT,110000,110000.0,23,39.54,39.54,6896,6896.0,13,10,2,2026-09-02,ACTIVE,1,2022-02-13 00:00:00
LN00146,LN00146,USR0090,USR0090,EDUCATION_LOAN,1170000,1170000.0,70,8.08,8.08,21017,21017.0,29,41,2,2026-09-02,ACTIVE,1,2024-09-12 00:00:00
LN00147,LN00147,USR0090,USR0090,PERSONAL_LOAN,340000,340000.0,14,12.59,12.59,26240,26240.0,5,9,1,2026-09-01,ACTIVE,1,2024-09-12 00:00:00
LN00148,LN00148,USR0091,USR0091,VEHICLE_LOAN,780000,780000.0,52,10.13,10.13,18595,18595.0,7,45,2,2026-09-02,ACTIVE,1,2022-03-18 00:00:00
LN00149,LN00149,USR0092,USR0092,EDUCATION_LOAN,1620000,1620000.0,116,10.44,10.44,22234,22234.0,25,91,3,2026-09-03,ACTIVE,1,2024-04-08 00:00:00
LN00150,LN00150,USR0092,USR0092,PERSONAL_LOAN,600000,600000.0,58,15.76,15.76,14845,14845.0,5,53,9,2026-09-09,ACTIVE,1,2024-04-08 00:00:00
LN00151,LN00151,USR0093,USR0093,HOME_LOAN,3170000,3170000.0,206,7.52,7.52,27443,27443.0,39,167,10,2026-09-10,ACTIVE,1,2024-11-03 00:00:00
LN00152,LN00152,USR0094,USR0094,EDUCATION_LOAN,1840000,1840000.0,87,8.73,8.73,28618,28618.0,42,45,3,2026-09-03,ACTIVE,1,2021-11-27 00:00:00
LN00153,LN00153,USR0094,USR0094,HOME_LOAN,7560000,7560000.0,275,7.62,7.62,58217,58217.0,57,218,7,2026-09-07,ACTIVE,1,2021-11-27 00:00:00
LN00154,LN00154,USR0095,USR0095,VEHICLE_LOAN,550000,550000.0,42,8.41,8.41,15162,15162.0,22,20,4,2026-09-04,ACTIVE,1,2024-05-06 00:00:00
LN00155,LN00155,USR0095,USR0095,PERSONAL_LOAN,440000,440000.0,24,11.91,11.91,20694,20694.0,14,10,9,2026-09-09,ACTIVE,1,2024-05-06 00:00:00
LN00156,LN00156,USR0096,USR0096,CREDIT_CARD_DEBT,90000,90000.0,14,38.45,38.45,8079,8079.0,11,3,5,2026-09-05,ACTIVE,1,2021-01-18 00:00:00
LN00157,LN00157,USR0097,USR0097,EDUCATION_LOAN,900000,900000.0,75,9.83,9.83,16109,16109.0,7,68,1,2026-09-01,ACTIVE,1,2022-06-11 00:00:00
LN00158,LN00158,USR0098,USR0098,CREDIT_CARD_DEBT,80000,80000.0,17,31.44,31.44,5892,5892.0,1,16,7,2026-09-07,ACTIVE,1,2024-03-28 00:00:00
LN00159,LN00159,USR0098,USR0098,PERSONAL_LOAN,190000,190000.0,17,11.5,11.5,12165,12165.0,10,7,10,2026-09-10,ACTIVE,1,2024-03-28 00:00:00
LN00160,LN00160,USR0098,USR0098,EDUCATION_LOAN,1490000,1490000.0,90,8.54,8.54,22476,22476.0,13,77,2,2026-09-02,ACTIVE,1,2024-03-28 00:00:00
LN00161,LN00161,USR0099,USR0099,HOME_LOAN,6250000,6250000.0,172,7.71,7.71,60146,60146.0,11,161,5,2026-09-05,ACTIVE,1,2022-02-27 00:00:00
LN00162,LN00162,USR0100,USR0100,HOME_LOAN,3540000,3540000.0,149,9.43,9.43,40405,40405.0,20,129,7,2026-09-07,ACTIVE,1,2021-09-17 00:00:00
LN00163,LN00163,USR0100,USR0100,EDUCATION_LOAN,1170000,1170000.0,90,10.42,10.42,18788,18788.0,32,58,5,2026-09-05,ACTIVE,1,2021-09-17 00:00:00
LN00164,LN00164,USR0101,USR0101,CREDIT_CARD_DEBT,30000,30000.0,11,35.4,35.4,3233,3233.0,6,5,7,2026-09-07,ACTIVE,1,2023-01-26 00:00:00
LN00165,LN00165,USR0101,USR0101,EDUCATION_LOAN,1920000,1920000.0,83,9.8,9.8,31942,31942.0,12,71,8,2026-09-08,ACTIVE,1,2023-01-26 00:00:00
LN00166,LN00166,USR0102,USR0102,PERSONAL_LOAN,720000,720000.0,40,11.75,11.75,21841,21841.0,30,10,5,2026-09-05,ACTIVE,1,2022-06-14 00:00:00
LN00167,LN00167,USR0102,USR0102,VEHICLE_LOAN,410000,410000.0,50,10.44,10.44,10147,10147.0,18,32,10,2026-09-10,ACTIVE,1,2022-06-14 00:00:00
LN00168,LN00168,USR0103,USR0103,PERSONAL_LOAN,690000,690000.0,21,15.45,15.45,37709,37709.0,4,17,2,2026-09-02,ACTIVE,1,2022-11-09 00:00:00
LN00169,LN00169,USR0104,USR0104,VEHICLE_LOAN,440000,440000.0,70,11.12,11.12,8571,8571.0,27,43,10,2026-09-10,ACTIVE,1,2022-05-09 00:00:00
LN00170,LN00170,USR0105,USR0105,PERSONAL_LOAN,680000,680000.0,47,12.83,12.83,18482,18482.0,4,43,7,2026-09-07,ACTIVE,1,2024-10-18 00:00:00
LN00171,LN00171,USR0106,USR0106,CREDIT_CARD_DEBT,40000,40000.0,36,35.23,35.23,1815,1815.0,35,1,8,2026-09-08,ACTIVE,1,2024-06-10 00:00:00
LN00172,LN00172,USR0106,USR0106,EDUCATION_LOAN,1120000,1120000.0,96,9.76,9.76,16853,16853.0,57,39,4,2026-09-04,ACTIVE,1,2024-06-10 00:00:00
LN00173,LN00173,USR0107,USR0107,VEHICLE_LOAN,940000,940000.0,81,11.45,11.45,16714,16714.0,3,78,9,2026-09-09,ACTIVE,1,2024-03-12 00:00:00
LN00174,LN00174,USR0107,USR0107,HOME_LOAN,3300000,3300000.0,266,7.69,7.69,25879,25879.0,58,208,9,2026-09-09,ACTIVE,1,2024-03-12 00:00:00
LN00175,LN00175,USR0107,USR0107,PERSONAL_LOAN,120000,120000.0,48,14.03,14.03,3281,3281.0,44,4,10,2026-09-10,ACTIVE,1,2024-03-12 00:00:00
LN00176,LN00176,USR0108,USR0108,VEHICLE_LOAN,750000,750000.0,84,8.93,8.93,12040,12040.0,29,55,3,2026-09-03,ACTIVE,1,2023-07-09 00:00:00
LN00177,LN00177,USR0108,USR0108,PERSONAL_LOAN,370000,370000.0,22,13.77,13.77,19126,19126.0,7,15,4,2026-09-04,ACTIVE,1,2023-07-09 00:00:00
LN00178,LN00178,USR0109,USR0109,VEHICLE_LOAN,1190000,1190000.0,38,8.55,8.55,35857,35857.0,28,10,2,2026-09-02,ACTIVE,1,2024-07-21 00:00:00
LN00179,LN00179,USR0110,USR0110,EDUCATION_LOAN,1050000,1050000.0,112,9.28,9.28,14048,14048.0,41,71,3,2026-09-03,ACTIVE,1,2022-04-08 00:00:00
LN00180,LN00180,USR0110,USR0110,PERSONAL_LOAN,600000,600000.0,50,14.31,14.31,16000,16000.0,17,33,6,2026-09-06,ACTIVE,1,2022-04-08 00:00:00
LN00181,LN00181,USR0111,USR0111,HOME_LOAN,2770000,2770000.0,262,7.71,7.71,21884,21884.0,26,236,9,2026-09-09,ACTIVE,1,2021-03-02 00:00:00
LN00182,LN00182,USR0111,USR0111,EDUCATION_LOAN,1560000,1560000.0,80,9.74,9.74,26588,26588.0,55,25,5,2026-09-05,ACTIVE,1,2021-03-02 00:00:00
LN00183,LN00183,USR0114,USR0114,CREDIT_CARD_DEBT,230000,230000.0,20,27.45,27.45,14459,14459.0,1,19,10,2026-09-10,ACTIVE,1,2022-11-26 00:00:00
LN00184,LN00184,USR0115,USR0115,CREDIT_CARD_DEBT,70000,70000.0,22,30.39,30.39,4189,4189.0,14,8,2,2026-09-02,ACTIVE,1,2021-10-30 00:00:00
LN00185,LN00185,USR0116,USR0116,EDUCATION_LOAN,1230000,1230000.0,69,8.2,8.2,22417,22417.0,10,59,10,2026-09-10,ACTIVE,1,2022-11-10 00:00:00
LN00186,LN00186,USR0117,USR0117,PERSONAL_LOAN,260000,260000.0,18,13.47,13.47,16033,16033.0,4,14,5,2026-09-05,ACTIVE,1,2022-06-02 00:00:00
LN00187,LN00187,USR0118,USR0118,EDUCATION_LOAN,1440000,1440000.0,116,9.6,9.6,19098,19098.0,27,89,5,2026-09-05,ACTIVE,1,2022-05-25 00:00:00
LN00188,LN00188,USR0119,USR0119,EDUCATION_LOAN,930000,930000.0,101,10.01,10.01,13661,13661.0,32,69,10,2026-09-10,ACTIVE,1,2023-01-25 00:00:00
LN00189,LN00189,USR0120,USR0120,CREDIT_CARD_DEBT,170000,170000.0,11,34.04,34.04,18207,18207.0,5,6,7,2026-09-07,ACTIVE,1,2023-04-24 00:00:00
LN00190,LN00190,USR0120,USR0120,EDUCATION_LOAN,1570000,1570000.0,69,9.4,9.4,29541,29541.0,40,29,10,2026-09-10,ACTIVE,1,2023-04-24 00:00:00
LN00191,LN00191,USR0120,USR0120,HOME_LOAN,2360000,2360000.0,294,8.62,8.62,19307,19307.0,45,249,7,2026-09-07,ACTIVE,1,2023-04-24 00:00:00
LN00192,LN00192,USR0121,USR0121,PERSONAL_LOAN,220000,220000.0,33,14.3,14.3,8102,8102.0,16,17,1,2026-09-01,ACTIVE,1,2022-11-12 00:00:00
LN00193,LN00193,USR0121,USR0121,VEHICLE_LOAN,400000,400000.0,83,10.14,10.14,6725,6725.0,31,52,5,2026-09-05,ACTIVE,1,2022-11-12 00:00:00
LN00194,LN00194,USR0122,USR0122,VEHICLE_LOAN,650000,650000.0,37,11.02,11.02,20801,20801.0,22,15,5,2026-09-05,ACTIVE,1,2021-04-24 00:00:00
LN00195,LN00195,USR0123,USR0123,VEHICLE_LOAN,860000,860000.0,53,11.18,11.18,20635,20635.0,32,21,2,2026-09-02,ACTIVE,1,2021-02-27 00:00:00
LN00196,LN00196,USR0124,USR0124,PERSONAL_LOAN,260000,260000.0,31,12.7,12.7,9882,9882.0,24,7,8,2026-09-08,ACTIVE,1,2023-05-26 00:00:00
LN00197,LN00197,USR0124,USR0124,CREDIT_CARD_DEBT,60000,60000.0,30,41.86,41.86,3258,3258.0,27,3,6,2026-09-06,ACTIVE,1,2023-05-26 00:00:00
LN00198,LN00198,USR0125,USR0125,VEHICLE_LOAN,740000,740000.0,74,11.37,11.37,13958,13958.0,42,32,2,2026-09-02,ACTIVE,1,2023-12-09 00:00:00
LN00199,LN00199,USR0125,USR0125,EDUCATION_LOAN,1230000,1230000.0,72,9.87,9.87,22706,22706.0,29,43,4,2026-09-04,ACTIVE,1,2023-12-09 00:00:00
LN00200,LN00200,USR0127,USR0127,EDUCATION_LOAN,600000,600000.0,108,10.48,10.48,8604,8604.0,34,74,6,2026-09-06,ACTIVE,1,2022-12-16 00:00:00
LN00201,LN00201,USR0127,USR0127,CREDIT_CARD_DEBT,200000,200000.0,32,36.76,36.76,9894,9894.0,2,30,9,2026-09-09,ACTIVE,1,2022-12-16 00:00:00
LN00202,LN00202,USR0128,USR0128,PERSONAL_LOAN,310000,310000.0,16,11.95,11.95,21056,21056.0,5,11,9,2026-09-09,ACTIVE,1,2022-09-04 00:00:00
LN00203,LN00203,USR0129,USR0129,CREDIT_CARD_DEBT,40000,40000.0,10,40.87,40.87,4787,4787.0,9,1,10,2026-09-10,ACTIVE,1,2022-12-14 00:00:00
LN00204,LN00204,USR0130,USR0130,HOME_LOAN,3830000,3830000.0,164,8.29,8.29,39102,39102.0,13,151,4,2026-09-04,ACTIVE,1,2023-05-08 00:00:00
LN00205,LN00205,USR0131,USR0131,HOME_LOAN,5600000,5600000.0,128,8.53,8.53,66776,66776.0,30,98,1,2026-09-01,ACTIVE,1,2023-09-27 00:00:00
LN00206,LN00206,USR0131,USR0131,PERSONAL_LOAN,740000,740000.0,35,13.23,13.23,25599,25599.0,13,22,5,2026-09-05,ACTIVE,1,2023-09-27 00:00:00
LN00207,LN00207,USR0132,USR0132,EDUCATION_LOAN,1760000,1760000.0,92,8.63,8.63,26218,26218.0,26,66,2,2026-09-02,ACTIVE,1,2022-10-16 00:00:00
LN00208,LN00208,USR0132,USR0132,VEHICLE_LOAN,1130000,1130000.0,79,8.47,8.47,18710,18710.0,2,77,4,2026-09-04,ACTIVE,1,2022-10-16 00:00:00
LN00209,LN00209,USR0133,USR0133,EDUCATION_LOAN,1010000,1010000.0,91,10.63,10.63,16213,16213.0,39,52,8,2026-09-08,ACTIVE,1,2022-12-09 00:00:00
LN00210,LN00210,USR0134,USR0134,PERSONAL_LOAN,660000,660000.0,49,14.85,14.85,18044,18044.0,36,13,6,2026-09-06,ACTIVE,1,2021-03-21 00:00:00
LN00211,LN00211,USR0134,USR0134,EDUCATION_LOAN,890000,890000.0,82,8.24,8.24,14231,14231.0,11,71,5,2026-09-05,ACTIVE,1,2021-03-21 00:00:00
LN00212,LN00212,USR0135,USR0135,PERSONAL_LOAN,220000,220000.0,30,14.32,14.32,8767,8767.0,1,29,7,2026-09-07,ACTIVE,1,2021-11-09 00:00:00
LN00213,LN00213,USR0136,USR0136,PERSONAL_LOAN,780000,780000.0,22,14.03,14.03,40415,40415.0,19,3,4,2026-09-04,ACTIVE,1,2022-05-27 00:00:00
LN00214,LN00214,USR0137,USR0137,PERSONAL_LOAN,190000,190000.0,25,15.24,15.24,8918,8918.0,9,16,7,2026-09-07,ACTIVE,1,2024-10-17 00:00:00
LN00215,LN00215,USR0137,USR0137,CREDIT_CARD_DEBT,230000,230000.0,22,32.77,32.77,14046,14046.0,1,21,1,2026-09-01,ACTIVE,1,2024-10-17 00:00:00
LN00216,LN00216,USR0137,USR0137,VEHICLE_LOAN,810000,810000.0,66,11.06,11.06,16436,16436.0,59,7,3,2026-09-03,ACTIVE,1,2024-10-17 00:00:00
LN00217,LN00217,USR0138,USR0138,VEHICLE_LOAN,700000,700000.0,74,9.59,9.59,12567,12567.0,52,22,1,2026-09-01,ACTIVE,1,2021-12-28 00:00:00
LN00218,LN00218,USR0139,USR0139,VEHICLE_LOAN,570000,570000.0,52,8.27,8.27,13080,13080.0,39,13,5,2026-09-05,ACTIVE,1,2021-02-05 00:00:00
LN00219,LN00219,USR0141,USR0141,VEHICLE_LOAN,1160000,1160000.0,63,10.2,10.2,23857,23857.0,58,5,7,2026-09-07,ACTIVE,1,2024-10-26 00:00:00
LN00220,LN00220,USR0142,USR0142,EDUCATION_LOAN,1090000,1090000.0,76,8.94,8.94,18835,18835.0,14,62,8,2026-09-08,ACTIVE,1,2022-12-21 00:00:00
LN00221,LN00221,USR0142,USR0142,VEHICLE_LOAN,710000,710000.0,55,9.76,9.76,16063,16063.0,44,11,9,2026-09-09,ACTIVE,1,2022-12-21 00:00:00
LN00222,LN00222,USR0144,USR0144,CREDIT_CARD_DEBT,70000,70000.0,24,35.15,35.15,4102,4102.0,4,20,1,2026-09-01,ACTIVE,1,2024-04-26 00:00:00
LN00223,LN00223,USR0145,USR0145,CREDIT_CARD_DEBT,50000,50000.0,23,25.1,25.1,2761,2761.0,21,2,10,2026-09-10,ACTIVE,1,2021-06-02 00:00:00
LN00224,LN00224,USR0145,USR0145,VEHICLE_LOAN,980000,980000.0,74,9.84,9.84,17718,17718.0,19,55,5,2026-09-05,ACTIVE,1,2021-06-02 00:00:00
LN00225,LN00225,USR0146,USR0146,HOME_LOAN,7970000,7970000.0,243,7.62,7.62,64452,64452.0,5,238,6,2026-09-06,ACTIVE,1,2021-11-02 00:00:00
LN00226,LN00226,USR0147,USR0147,EDUCATION_LOAN,1970000,1970000.0,100,8.72,8.72,27785,27785.0,21,79,5,2026-09-05,ACTIVE,1,2021-09-19 00:00:00
LN00227,LN00227,USR0148,USR0148,EDUCATION_LOAN,590000,590000.0,101,8.91,8.91,8324,8324.0,46,55,5,2026-09-05,ACTIVE,1,2021-08-30 00:00:00
LN00228,LN00228,USR0149,USR0149,PERSONAL_LOAN,580000,580000.0,21,10.84,10.84,30446,30446.0,17,4,4,2026-09-04,ACTIVE,1,2023-08-07 00:00:00
LN00229,LN00229,USR0150,USR0150,HOME_LOAN,7980000,7980000.0,289,9.13,9.13,68362,68362.0,21,268,3,2026-09-03,ACTIVE,1,2024-12-02 00:00:00
LN00230,LN00230,USR0150,USR0150,EDUCATION_LOAN,1380000,1380000.0,106,8.92,8.92,18860,18860.0,2,104,8,2026-09-08,ACTIVE,1,2024-12-02 00:00:00
LN00231,LN00231,USR0151,USR0151,VEHICLE_LOAN,730000,730000.0,62,9.7,9.7,15017,15017.0,26,36,7,2026-09-07,ACTIVE,1,2024-01-11 00:00:00
LN00232,LN00232,USR0151,USR0151,CREDIT_CARD_DEBT,50000,50000.0,29,39.96,39.96,2715,2715.0,2,27,10,2026-09-10,ACTIVE,1,2024-01-11 00:00:00
LN00233,LN00233,USR0152,USR0152,CREDIT_CARD_DEBT,60000,60000.0,32,30.62,30.62,2766,2766.0,7,25,6,2026-09-06,ACTIVE,1,2024-05-14 00:00:00
LN00234,LN00234,USR0153,USR0153,VEHICLE_LOAN,1030000,1030000.0,79,10.93,10.93,18343,18343.0,35,44,8,2026-09-08,ACTIVE,1,2021-09-04 00:00:00
LN00235,LN00235,USR0154,USR0154,EDUCATION_LOAN,420000,420000.0,92,9.25,9.25,6391,6391.0,20,72,3,2026-09-03,ACTIVE,1,2024-10-05 00:00:00
LN00236,LN00236,USR0155,USR0155,CREDIT_CARD_DEBT,20000,20000.0,11,28.68,28.68,2089,2089.0,5,6,2,2026-09-02,ACTIVE,1,2022-04-27 00:00:00
LN00237,LN00237,USR0156,USR0156,EDUCATION_LOAN,620000,620000.0,107,9.61,9.61,8649,8649.0,17,90,9,2026-09-09,ACTIVE,1,2021-01-04 00:00:00
LN00238,LN00238,USR0156,USR0156,PERSONAL_LOAN,250000,250000.0,60,10.57,10.57,5382,5382.0,59,1,3,2026-09-03,ACTIVE,1,2021-01-04 00:00:00
LN00239,LN00239,USR0157,USR0157,EDUCATION_LOAN,1960000,1960000.0,101,10.4,10.4,29202,29202.0,6,95,4,2026-09-04,ACTIVE,1,2024-03-04 00:00:00
LN00240,LN00240,USR0158,USR0158,EDUCATION_LOAN,1180000,1180000.0,107,8.33,8.33,15663,15663.0,56,51,5,2026-09-05,ACTIVE,1,2021-09-21 00:00:00
LN00241,LN00241,USR0158,USR0158,PERSONAL_LOAN,480000,480000.0,38,13.0,13.0,15477,15477.0,22,16,6,2026-09-06,ACTIVE,1,2021-09-21 00:00:00
LN00242,LN00242,USR0159,USR0159,VEHICLE_LOAN,300000,300000.0,65,9.95,9.95,5989,5989.0,55,10,2,2026-09-02,ACTIVE,1,2022-06-17 00:00:00
LN00243,LN00243,USR0159,USR0159,CREDIT_CARD_DEBT,50000,50000.0,21,29.84,29.84,3085,3085.0,2,19,10,2026-09-10,ACTIVE,1,2022-06-17 00:00:00
LN00244,LN00244,USR0160,USR0160,CREDIT_CARD_DEBT,130000,130000.0,21,30.77,30.77,8083,8083.0,7,14,9,2026-09-09,ACTIVE,1,2021-05-02 00:00:00
LN00245,LN00245,USR0160,USR0160,HOME_LOAN,4370000,4370000.0,150,8.42,8.42,47199,47199.0,56,94,7,2026-09-07,ACTIVE,1,2021-05-02 00:00:00
LN00246,LN00246,USR0161,USR0161,EDUCATION_LOAN,1830000,1830000.0,86,10.87,10.87,30724,30724.0,4,82,3,2026-09-03,ACTIVE,1,2023-02-07 00:00:00
LN00247,LN00247,USR0162,USR0162,PERSONAL_LOAN,320000,320000.0,33,14.28,14.28,11782,11782.0,27,6,10,2026-09-10,ACTIVE,1,2022-08-11 00:00:00
LN00248,LN00248,USR0162,USR0162,CREDIT_CARD_DEBT,120000,120000.0,34,28.58,28.58,5189,5189.0,30,4,3,2026-09-03,ACTIVE,1,2022-08-11 00:00:00
LN00249,LN00249,USR0163,USR0163,VEHICLE_LOAN,240000,240000.0,67,11.61,11.61,4884,4884.0,22,45,3,2026-09-03,ACTIVE,1,2022-05-06 00:00:00
LN00250,LN00250,USR0163,USR0163,PERSONAL_LOAN,420000,420000.0,32,14.0,14.0,15803,15803.0,21,11,1,2026-09-01,ACTIVE,1,2022-05-06 00:00:00
LN00251,LN00251,USR0163,USR0163,HOME_LOAN,5960000,5960000.0,121,9.29,9.29,76054,76054.0,29,92,5,2026-09-05,ACTIVE,1,2022-05-06 00:00:00
LN00252,LN00252,USR0164,USR0164,VEHICLE_LOAN,810000,810000.0,84,8.27,8.27,12734,12734.0,50,34,3,2026-09-03,ACTIVE,1,2024-06-18 00:00:00
LN00253,LN00253,USR0165,USR0165,CREDIT_CARD_DEBT,50000,50000.0,30,37.27,37.27,2586,2586.0,6,24,8,2026-09-08,ACTIVE,1,2021-11-08 00:00:00
LN00254,LN00254,USR0166,USR0166,HOME_LOAN,6080000,6080000.0,277,7.58,7.58,46540,46540.0,28,249,7,2026-09-07,ACTIVE,1,2021-04-10 00:00:00
LN00255,LN00255,USR0166,USR0166,PERSONAL_LOAN,160000,160000.0,37,14.44,14.44,5384,5384.0,28,9,8,2026-09-08,ACTIVE,1,2021-04-10 00:00:00
LN00256,LN00256,USR0167,USR0167,EDUCATION_LOAN,510000,510000.0,60,8.04,8.04,10351,10351.0,3,57,9,2026-09-09,ACTIVE,1,2023-01-12 00:00:00
LN00257,LN00257,USR0168,USR0168,VEHICLE_LOAN,940000,940000.0,56,9.41,9.41,20805,20805.0,49,7,9,2026-09-09,ACTIVE,1,2021-04-28 00:00:00
LN00258,LN00258,USR0168,USR0168,HOME_LOAN,3780000,3780000.0,168,8.2,8.2,37902,37902.0,2,166,1,2026-09-01,ACTIVE,1,2021-04-28 00:00:00
LN00259,LN00259,USR0169,USR0169,PERSONAL_LOAN,560000,560000.0,31,11.52,11.52,20972,20972.0,5,26,2,2026-09-02,ACTIVE,1,2021-11-19 00:00:00
LN00260,LN00260,USR0169,USR0169,VEHICLE_LOAN,370000,370000.0,60,8.39,8.39,7572,7572.0,33,27,10,2026-09-10,ACTIVE,1,2021-11-19 00:00:00
LN00261,LN00261,USR0170,USR0170,VEHICLE_LOAN,960000,960000.0,40,9.06,9.06,27896,27896.0,3,37,5,2026-09-05,ACTIVE,1,2023-09-26 00:00:00
LN00262,LN00262,USR0170,USR0170,PERSONAL_LOAN,110000,110000.0,30,10.95,10.95,4208,4208.0,15,15,9,2026-09-09,ACTIVE,1,2023-09-26 00:00:00
LN00263,LN00263,USR0171,USR0171,CREDIT_CARD_DEBT,90000,90000.0,19,37.85,37.85,6369,6369.0,5,14,6,2026-09-06,ACTIVE,1,2021-03-21 00:00:00
LN00264,LN00264,USR0171,USR0171,VEHICLE_LOAN,820000,820000.0,67,9.53,9.53,15830,15830.0,23,44,4,2026-09-04,ACTIVE,1,2021-03-21 00:00:00
LN00265,LN00265,USR0172,USR0172,PERSONAL_LOAN,180000,180000.0,37,13.88,13.88,6008,6008.0,2,35,4,2026-09-04,ACTIVE,1,2023-12-29 00:00:00
LN00266,LN00266,USR0173,USR0173,PERSONAL_LOAN,550000,550000.0,25,13.42,13.42,25341,25341.0,24,1,1,2026-09-01,ACTIVE,1,2023-12-27 00:00:00
LN00267,LN00267,USR0173,USR0173,CREDIT_CARD_DEBT,30000,30000.0,24,41.43,41.43,1859,1859.0,17,7,3,2026-09-03,ACTIVE,1,2023-12-27 00:00:00
LN00268,LN00268,USR0174,USR0174,PERSONAL_LOAN,300000,300000.0,57,15.89,15.89,7530,7530.0,42,15,1,2026-09-01,ACTIVE,1,2024-03-17 00:00:00
LN00269,LN00269,USR0174,USR0174,VEHICLE_LOAN,800000,800000.0,60,10.33,10.33,17128,17128.0,57,3,5,2026-09-05,ACTIVE,1,2024-03-17 00:00:00
LN00270,LN00270,USR0175,USR0175,PERSONAL_LOAN,670000,670000.0,15,14.11,14.11,48983,48983.0,11,4,2,2026-09-02,ACTIVE,1,2022-11-23 00:00:00
LN00271,LN00271,USR0175,USR0175,EDUCATION_LOAN,600000,600000.0,101,9.01,9.01,8496,8496.0,54,47,1,2026-09-01,ACTIVE,1,2022-11-23 00:00:00
LN00272,LN00272,USR0176,USR0176,HOME_LOAN,3350000,3350000.0,226,8.24,8.24,29228,29228.0,29,197,7,2026-09-07,ACTIVE,1,2023-04-04 00:00:00
LN00273,LN00273,USR0176,USR0176,CREDIT_CARD_DEBT,120000,120000.0,9,31.91,31.91,15168,15168.0,5,4,8,2026-09-08,ACTIVE,1,2023-04-04 00:00:00
LN00274,LN00274,USR0177,USR0177,VEHICLE_LOAN,1140000,1140000.0,49,8.96,8.96,27866,27866.0,45,4,1,2026-09-01,ACTIVE,1,2024-09-16 00:00:00
LN00275,LN00275,USR0178,USR0178,EDUCATION_LOAN,720000,720000.0,93,10.66,10.66,11408,11408.0,18,75,10,2026-09-10,ACTIVE,1,2021-03-23 00:00:00
LN00276,LN00276,USR0178,USR0178,HOME_LOAN,5870000,5870000.0,275,8.07,8.07,46901,46901.0,45,230,3,2026-09-03,ACTIVE,1,2021-03-23 00:00:00
LN00277,LN00277,USR0178,USR0178,VEHICLE_LOAN,1020000,1020000.0,62,11.45,11.45,21871,21871.0,54,8,2,2026-09-02,ACTIVE,1,2021-03-23 00:00:00
LN00278,LN00278,USR0179,USR0179,CREDIT_CARD_DEBT,230000,230000.0,9,28.54,28.54,28690,28690.0,2,7,8,2026-09-08,ACTIVE,1,2021-08-07 00:00:00
LN00279,LN00279,USR0179,USR0179,HOME_LOAN,6530000,6530000.0,170,8.42,8.42,65891,65891.0,39,131,4,2026-09-04,ACTIVE,1,2021-08-07 00:00:00
LN00280,LN00280,USR0179,USR0179,PERSONAL_LOAN,690000,690000.0,28,14.51,14.51,29197,29197.0,27,1,9,2026-09-09,ACTIVE,1,2021-08-07 00:00:00
LN00281,LN00281,USR0180,USR0180,VEHICLE_LOAN,860000,860000.0,81,8.71,8.71,14080,14080.0,27,54,5,2026-09-05,ACTIVE,1,2022-02-17 00:00:00
LN00282,LN00282,USR0180,USR0180,CREDIT_CARD_DEBT,150000,150000.0,11,41.72,41.72,16643,16643.0,1,10,9,2026-09-09,ACTIVE,1,2022-02-17 00:00:00
LN00283,LN00283,USR0181,USR0181,EDUCATION_LOAN,470000,470000.0,119,8.49,8.49,5856,5856.0,31,88,6,2026-09-06,ACTIVE,1,2021-03-15 00:00:00
LN00284,LN00284,USR0181,USR0181,PERSONAL_LOAN,190000,190000.0,27,14.49,14.49,8288,8288.0,1,26,1,2026-09-01,ACTIVE,1,2021-03-15 00:00:00
LN00285,LN00285,USR0181,USR0181,VEHICLE_LOAN,1020000,1020000.0,78,8.85,8.85,17244,17244.0,6,72,2,2026-09-02,ACTIVE,1,2021-03-15 00:00:00
LN00286,LN00286,USR0182,USR0182,CREDIT_CARD_DEBT,210000,210000.0,10,37.19,37.19,24743,24743.0,2,8,9,2026-09-09,ACTIVE,1,2023-10-08 00:00:00
LN00287,LN00287,USR0182,USR0182,EDUCATION_LOAN,1270000,1270000.0,64,9.77,9.77,25540,25540.0,47,17,2,2026-09-02,ACTIVE,1,2023-10-08 00:00:00
LN00288,LN00288,USR0183,USR0183,EDUCATION_LOAN,880000,880000.0,101,9.7,9.7,12781,12781.0,15,86,8,2026-09-08,ACTIVE,1,2023-04-25 00:00:00
LN00289,LN00289,USR0184,USR0184,VEHICLE_LOAN,1070000,1070000.0,65,10.55,10.55,21681,21681.0,4,61,2,2026-09-02,ACTIVE,1,2023-03-02 00:00:00
LN00290,LN00290,USR0184,USR0184,CREDIT_CARD_DEBT,200000,200000.0,32,26.88,26.88,8822,8822.0,6,26,1,2026-09-01,ACTIVE,1,2023-03-02 00:00:00
LN00291,LN00291,USR0185,USR0185,VEHICLE_LOAN,210000,210000.0,79,8.99,8.99,3532,3532.0,21,58,7,2026-09-07,ACTIVE,1,2024-04-12 00:00:00
LN00292,LN00292,USR0185,USR0185,CREDIT_CARD_DEBT,190000,190000.0,29,41.85,41.85,10519,10519.0,4,25,2,2026-09-02,ACTIVE,1,2024-04-12 00:00:00
LN00293,LN00293,USR0186,USR0186,HOME_LOAN,4410000,4410000.0,122,9.1,9.1,55539,55539.0,55,67,3,2026-09-03,ACTIVE,1,2021-11-14 00:00:00
LN00294,LN00294,USR0187,USR0187,PERSONAL_LOAN,490000,490000.0,33,14.53,14.53,18101,18101.0,23,10,8,2026-09-08,ACTIVE,1,2024-11-24 00:00:00
LN00295,LN00295,USR0188,USR0188,CREDIT_CARD_DEBT,60000,60000.0,34,30.4,30.4,2653,2653.0,6,28,6,2026-09-06,ACTIVE,1,2021-10-15 00:00:00
LN00296,LN00296,USR0188,USR0188,VEHICLE_LOAN,980000,980000.0,57,10.22,10.22,21774,21774.0,12,45,2,2026-09-02,ACTIVE,1,2021-10-15 00:00:00
LN00297,LN00297,USR0189,USR0189,EDUCATION_LOAN,1620000,1620000.0,85,8.11,8.11,25117,25117.0,30,55,5,2026-09-05,ACTIVE,1,2024-11-20 00:00:00
LN00298,LN00298,USR0190,USR0190,CREDIT_CARD_DEBT,70000,70000.0,33,41.25,41.25,3580,3580.0,31,2,7,2026-09-07,ACTIVE,1,2021-02-19 00:00:00
LN00299,LN00299,USR0190,USR0190,EDUCATION_LOAN,990000,990000.0,101,8.98,8.98,14003,14003.0,57,44,3,2026-09-03,ACTIVE,1,2021-02-19 00:00:00
LN00300,LN00300,USR0191,USR0191,PERSONAL_LOAN,310000,310000.0,20,15.32,15.32,17661,17661.0,2,18,3,2026-09-03,ACTIVE,1,2022-07-24 00:00:00
LN00301,LN00301,USR0192,USR0192,HOME_LOAN,4210000,4210000.0,243,8.4,8.4,36097,36097.0,52,191,10,2026-09-10,ACTIVE,1,2023-04-07 00:00:00
LN00302,LN00302,USR0192,USR0192,EDUCATION_LOAN,1560000,1560000.0,103,10.66,10.66,23180,23180.0,29,74,3,2026-09-03,ACTIVE,1,2023-04-07 00:00:00
LN00303,LN00303,USR0192,USR0192,VEHICLE_LOAN,790000,790000.0,75,9.57,9.57,14036,14036.0,25,50,6,2026-09-06,ACTIVE,1,2023-04-07 00:00:00
LN00304,LN00304,USR0193,USR0193,CREDIT_CARD_DEBT,180000,180000.0,33,24.06,24.06,7509,7509.0,9,24,8,2026-09-08,ACTIVE,1,2022-02-21 00:00:00
LN00305,LN00305,USR0193,USR0193,HOME_LOAN,5720000,5720000.0,244,8.21,8.21,48281,48281.0,8,236,7,2026-09-07,ACTIVE,1,2022-02-21 00:00:00
LN00306,LN00306,USR0194,USR0194,CREDIT_CARD_DEBT,40000,40000.0,7,34.59,34.59,6392,6392.0,1,6,5,2026-09-05,ACTIVE,1,2023-01-17 00:00:00
LN00307,LN00307,USR0195,USR0195,VEHICLE_LOAN,840000,840000.0,81,8.26,8.26,13563,13563.0,56,25,9,2026-09-09,ACTIVE,1,2023-07-27 00:00:00
LN00308,LN00308,USR0195,USR0195,HOME_LOAN,5480000,5480000.0,267,8.62,8.62,46198,46198.0,47,220,10,2026-09-10,ACTIVE,1,2023-07-27 00:00:00
LN00309,LN00309,USR0196,USR0196,VEHICLE_LOAN,800000,800000.0,78,10.71,10.71,14281,14281.0,56,22,6,2026-09-06,ACTIVE,1,2021-04-30 00:00:00
LN00310,LN00310,USR0197,USR0197,PERSONAL_LOAN,290000,290000.0,54,15.04,15.04,7423,7423.0,47,7,4,2026-09-04,ACTIVE,1,2021-11-04 00:00:00
LN00311,LN00311,USR0197,USR0197,VEHICLE_LOAN,700000,700000.0,66,8.31,8.31,13250,13250.0,23,43,7,2026-09-07,ACTIVE,1,2021-11-04 00:00:00
LN00312,LN00312,USR0198,USR0198,PERSONAL_LOAN,330000,330000.0,47,14.82,14.82,9297,9297.0,40,7,1,2026-09-01,ACTIVE,1,2021-06-27 00:00:00
LN00313,LN00313,USR0199,USR0199,PERSONAL_LOAN,650000,650000.0,22,13.34,13.34,33469,33469.0,17,5,8,2026-09-08,ACTIVE,1,2022-07-11 00:00:00
LN00314,LN00314,USR0199,USR0199,EDUCATION_LOAN,1100000,1100000.0,114,8.44,8.44,14061,14061.0,32,82,3,2026-09-03,ACTIVE,1,2022-07-11 00:00:00
LN00315,LN00315,USR0200,USR0200,PERSONAL_LOAN,400000,400000.0,60,10.99,10.99,8695,8695.0,32,28,6,2026-09-06,ACTIVE,1,2022-02-27 00:00:00
LN00316,LN00316,USR0201,USR0201,PERSONAL_LOAN,520000,520000.0,33,14.55,14.55,19214,19214.0,18,15,1,2026-09-01,ACTIVE,1,2024-09-07 00:00:00
LN00317,LN00317,USR0202,USR0202,CREDIT_CARD_DEBT,230000,230000.0,32,35.57,35.57,11226,11226.0,8,24,2,2026-09-02,ACTIVE,1,2021-09-03 00:00:00
LN00318,LN00318,USR0202,USR0202,VEHICLE_LOAN,620000,620000.0,65,10.54,10.54,12560,12560.0,29,36,10,2026-09-10,ACTIVE,1,2021-09-03 00:00:00
LN00319,LN00319,USR0203,USR0203,EDUCATION_LOAN,590000,590000.0,114,9.23,9.23,7791,7791.0,32,82,8,2026-09-08,ACTIVE,1,2024-10-09 00:00:00
LN00320,LN00320,USR0203,USR0203,HOME_LOAN,7040000,7040000.0,200,8.27,8.27,64966,64966.0,8,192,8,2026-09-08,ACTIVE,1,2024-10-09 00:00:00
LN00321,LN00321,USR0204,USR0204,PERSONAL_LOAN,510000,510000.0,18,11.51,11.51,30985,30985.0,13,5,7,2026-09-07,ACTIVE,1,2021-08-11 00:00:00
LN00322,LN00322,USR0205,USR0205,HOME_LOAN,4010000,4010000.0,262,7.55,7.55,31277,31277.0,36,226,1,2026-09-01,ACTIVE,1,2024-06-04 00:00:00
LN00323,LN00323,USR0206,USR0206,HOME_LOAN,6990000,6990000.0,274,8.05,8.05,55830,55830.0,40,234,5,2026-09-05,ACTIVE,1,2023-08-13 00:00:00
LN00324,LN00324,USR0207,USR0207,VEHICLE_LOAN,500000,500000.0,77,11.76,11.76,9279,9279.0,43,34,8,2026-09-08,ACTIVE,1,2024-02-11 00:00:00
LN00325,LN00325,USR0209,USR0209,VEHICLE_LOAN,1070000,1070000.0,59,11.37,11.37,23758,23758.0,53,6,1,2026-09-01,ACTIVE,1,2023-02-26 00:00:00
LN00326,LN00326,USR0210,USR0210,CREDIT_CARD_DEBT,200000,200000.0,23,32.25,32.25,11771,11771.0,20,3,10,2026-09-10,ACTIVE,1,2023-08-04 00:00:00
LN00327,LN00327,USR0210,USR0210,VEHICLE_LOAN,680000,680000.0,66,8.53,8.53,12944,12944.0,46,20,6,2026-09-06,ACTIVE,1,2023-08-04 00:00:00
LN00328,LN00328,USR0211,USR0211,PERSONAL_LOAN,610000,610000.0,12,13.23,13.23,54549,54549.0,6,6,6,2026-09-06,ACTIVE,1,2024-03-18 00:00:00
LN00329,LN00329,USR0211,USR0211,CREDIT_CARD_DEBT,120000,120000.0,32,37.13,37.13,5961,5961.0,21,11,5,2026-09-05,ACTIVE,1,2024-03-18 00:00:00
LN00330,LN00330,USR0211,USR0211,EDUCATION_LOAN,1620000,1620000.0,95,8.48,8.48,23470,23470.0,34,61,6,2026-09-06,ACTIVE,1,2024-03-18 00:00:00
LN00331,LN00331,USR0212,USR0212,HOME_LOAN,2810000,2810000.0,162,9.0,9.0,30024,30024.0,32,130,3,2026-09-03,ACTIVE,1,2021-09-01 00:00:00
LN00332,LN00332,USR0212,USR0212,CREDIT_CARD_DEBT,170000,170000.0,32,41.22,41.22,8839,8839.0,23,9,7,2026-09-07,ACTIVE,1,2021-09-01 00:00:00
LN00333,LN00333,USR0213,USR0213,HOME_LOAN,2340000,2340000.0,185,8.06,8.06,22132,22132.0,40,145,4,2026-09-04,ACTIVE,1,2023-03-01 00:00:00
LN00334,LN00334,USR0214,USR0214,VEHICLE_LOAN,450000,450000.0,43,11.63,11.63,12847,12847.0,26,17,4,2026-09-04,ACTIVE,1,2021-05-19 00:00:00
LN00335,LN00335,USR0215,USR0215,PERSONAL_LOAN,290000,290000.0,60,14.68,14.68,6850,6850.0,27,33,1,2026-09-01,ACTIVE,1,2023-04-10 00:00:00
LN00336,LN00336,USR0215,USR0215,VEHICLE_LOAN,650000,650000.0,76,11.11,11.11,11950,11950.0,54,22,10,2026-09-10,ACTIVE,1,2023-04-10 00:00:00
LN00337,LN00337,USR0215,USR0215,HOME_LOAN,2390000,2390000.0,151,8.48,8.48,25797,25797.0,50,101,8,2026-09-08,ACTIVE,1,2023-04-10 00:00:00
LN00338,LN00338,USR0217,USR0217,EDUCATION_LOAN,1850000,1850000.0,102,8.42,8.42,25456,25456.0,38,64,9,2026-09-09,ACTIVE,1,2024-06-08 00:00:00
LN00339,LN00339,USR0218,USR0218,PERSONAL_LOAN,390000,390000.0,12,12.41,12.41,34726,34726.0,9,3,1,2026-09-01,ACTIVE,1,2021-08-27 00:00:00
LN00340,LN00340,USR0218,USR0218,EDUCATION_LOAN,1840000,1840000.0,95,8.07,8.07,26273,26273.0,60,35,7,2026-09-07,ACTIVE,1,2021-08-27 00:00:00
LN00341,LN00341,USR0219,USR0219,CREDIT_CARD_DEBT,240000,240000.0,35,34.08,34.08,10910,10910.0,33,2,3,2026-09-03,ACTIVE,1,2021-02-13 00:00:00
LN00342,LN00342,USR0219,USR0219,EDUCATION_LOAN,1900000,1900000.0,104,8.16,8.16,25544,25544.0,38,66,3,2026-09-03,ACTIVE,1,2021-02-13 00:00:00
LN00343,LN00343,USR0220,USR0220,PERSONAL_LOAN,280000,280000.0,18,14.52,14.52,17405,17405.0,13,5,10,2026-09-10,ACTIVE,1,2021-03-18 00:00:00
LN00344,LN00344,USR0221,USR0221,EDUCATION_LOAN,810000,810000.0,116,9.96,9.96,10902,10902.0,25,91,7,2026-09-07,ACTIVE,1,2022-06-27 00:00:00
LN00345,LN00345,USR0221,USR0221,CREDIT_CARD_DEBT,70000,70000.0,25,34.18,34.18,3952,3952.0,23,2,4,2026-09-04,ACTIVE,1,2022-06-27 00:00:00
LN00346,LN00346,USR0222,USR0222,EDUCATION_LOAN,1960000,1960000.0,85,9.83,9.83,32101,32101.0,22,63,5,2026-09-05,ACTIVE,1,2022-05-17 00:00:00
LN00347,LN00347,USR0223,USR0223,VEHICLE_LOAN,310000,310000.0,74,8.6,8.6,5412,5412.0,45,29,9,2026-09-09,ACTIVE,1,2022-06-01 00:00:00
LN00348,LN00348,USR0223,USR0223,PERSONAL_LOAN,260000,260000.0,31,11.88,11.88,9781,9781.0,27,4,9,2026-09-09,ACTIVE,1,2022-06-01 00:00:00
LN00349,LN00349,USR0223,USR0223,CREDIT_CARD_DEBT,220000,220000.0,33,34.1,34.1,10362,10362.0,21,12,9,2026-09-09,ACTIVE,1,2022-06-01 00:00:00
LN00350,LN00350,USR0224,USR0224,PERSONAL_LOAN,180000,180000.0,24,15.23,15.23,8747,8747.0,7,17,10,2026-09-10,ACTIVE,1,2024-02-05 00:00:00
LN00351,LN00351,USR0225,USR0225,VEHICLE_LOAN,270000,270000.0,79,10.83,10.83,4794,4794.0,9,70,3,2026-09-03,ACTIVE,1,2021-05-29 00:00:00
LN00352,LN00352,USR0225,USR0225,CREDIT_CARD_DEBT,150000,150000.0,22,25.47,25.47,8604,8604.0,18,4,6,2026-09-06,ACTIVE,1,2021-05-29 00:00:00
LN00353,LN00353,USR0226,USR0226,PERSONAL_LOAN,440000,440000.0,60,11.41,11.41,9657,9657.0,23,37,9,2026-09-09,ACTIVE,1,2022-02-10 00:00:00
LN00354,LN00354,USR0227,USR0227,EDUCATION_LOAN,1760000,1760000.0,107,10.01,10.01,24931,24931.0,58,49,9,2026-09-09,ACTIVE,1,2022-06-26 00:00:00
LN00355,LN00355,USR0227,USR0227,CREDIT_CARD_DEBT,130000,130000.0,15,31.41,31.41,10591,10591.0,14,1,7,2026-09-07,ACTIVE,1,2022-06-26 00:00:00
LN00356,LN00356,USR0227,USR0227,VEHICLE_LOAN,850000,850000.0,36,10.18,10.18,27499,27499.0,34,2,2,2026-09-02,ACTIVE,1,2022-06-26 00:00:00
LN00357,LN00357,USR0228,USR0228,HOME_LOAN,5080000,5080000.0,217,9.11,9.11,47834,47834.0,10,207,1,2026-09-01,ACTIVE,1,2022-06-23 00:00:00
LN00358,LN00358,USR0229,USR0229,HOME_LOAN,2310000,2310000.0,188,9.07,9.07,23058,23058.0,49,139,3,2026-09-03,ACTIVE,1,2022-03-10 00:00:00
LN00359,LN00359,USR0229,USR0229,PERSONAL_LOAN,240000,240000.0,30,11.92,11.92,9290,9290.0,22,8,5,2026-09-05,ACTIVE,1,2022-03-10 00:00:00
LN00360,LN00360,USR0230,USR0230,PERSONAL_LOAN,330000,330000.0,15,14.66,14.66,24211,24211.0,12,3,5,2026-09-05,ACTIVE,1,2023-09-30 00:00:00
LN00361,LN00361,USR0231,USR0231,PERSONAL_LOAN,240000,240000.0,60,15.33,15.33,5751,5751.0,35,25,1,2026-09-01,ACTIVE,1,2024-03-08 00:00:00
LN00362,LN00362,USR0232,USR0232,VEHICLE_LOAN,1070000,1070000.0,75,8.96,8.96,18684,18684.0,56,19,9,2026-09-09,ACTIVE,1,2024-03-23 00:00:00
LN00363,LN00363,USR0232,USR0232,EDUCATION_LOAN,1120000,1120000.0,115,10.95,10.95,15767,15767.0,15,100,9,2026-09-09,ACTIVE,1,2024-03-23 00:00:00
LN00364,LN00364,USR0232,USR0232,HOME_LOAN,6630000,6630000.0,219,7.55,7.55,55857,55857.0,16,203,9,2026-09-09,ACTIVE,1,2024-03-23 00:00:00
LN00365,LN00365,USR0234,USR0234,VEHICLE_LOAN,1110000,1110000.0,80,10.15,10.15,19151,19151.0,43,37,1,2026-09-01,ACTIVE,1,2021-08-04 00:00:00
LN00366,LN00366,USR0235,USR0235,EDUCATION_LOAN,570000,570000.0,80,9.97,9.97,9782,9782.0,36,44,1,2026-09-01,ACTIVE,1,2023-04-26 00:00:00
LN00367,LN00367,USR0235,USR0235,CREDIT_CARD_DEBT,210000,210000.0,6,30.85,30.85,38216,38216.0,3,3,4,2026-09-04,ACTIVE,1,2023-04-26 00:00:00
LN00368,LN00368,USR0235,USR0235,VEHICLE_LOAN,980000,980000.0,75,11.86,11.86,18564,18564.0,56,19,8,2026-09-08,ACTIVE,1,2023-04-26 00:00:00
LN00369,LN00369,USR0236,USR0236,PERSONAL_LOAN,470000,470000.0,52,12.08,12.08,11654,11654.0,46,6,6,2026-09-06,ACTIVE,1,2021-07-06 00:00:00
LN00370,LN00370,USR0237,USR0237,VEHICLE_LOAN,780000,780000.0,48,10.54,10.54,19986,19986.0,19,29,8,2026-09-08,ACTIVE,1,2021-12-31 00:00:00
LN00371,LN00371,USR0237,USR0237,EDUCATION_LOAN,1680000,1680000.0,71,9.19,9.19,30763,30763.0,44,27,2,2026-09-02,ACTIVE,1,2021-12-31 00:00:00
LN00372,LN00372,USR0238,USR0238,VEHICLE_LOAN,730000,730000.0,83,8.63,8.63,11710,11710.0,33,50,2,2026-09-02,ACTIVE,1,2024-03-13 00:00:00
LN00373,LN00373,USR0238,USR0238,PERSONAL_LOAN,590000,590000.0,36,14.86,14.86,20412,20412.0,3,33,7,2026-09-07,ACTIVE,1,2024-03-13 00:00:00
LN00374,LN00374,USR0239,USR0239,VEHICLE_LOAN,1060000,1060000.0,71,11.62,11.62,20715,20715.0,17,54,3,2026-09-03,ACTIVE,1,2023-08-28 00:00:00
LN00375,LN00375,USR0240,USR0240,VEHICLE_LOAN,1180000,1180000.0,73,8.56,8.56,20793,20793.0,55,18,5,2026-09-05,ACTIVE,1,2022-12-25 00:00:00
LN00376,LN00376,USR0241,USR0241,PERSONAL_LOAN,230000,230000.0,33,15.42,15.42,8596,8596.0,30,3,3,2026-09-03,ACTIVE,1,2022-02-27 00:00:00
LN00377,LN00377,USR0242,USR0242,HOME_LOAN,2910000,2910000.0,202,8.38,8.38,26923,26923.0,39,163,1,2026-09-01,ACTIVE,1,2022-11-01 00:00:00
LN00378,LN00378,USR0242,USR0242,PERSONAL_LOAN,530000,530000.0,52,10.96,10.96,12849,12849.0,40,12,5,2026-09-05,ACTIVE,1,2022-11-01 00:00:00
LN00379,LN00379,USR0243,USR0243,EDUCATION_LOAN,1690000,1690000.0,64,9.52,9.52,33777,33777.0,51,13,6,2026-09-06,ACTIVE,1,2024-08-16 00:00:00
LN00380,LN00380,USR0243,USR0243,VEHICLE_LOAN,1170000,1170000.0,69,9.67,9.67,22172,22172.0,15,54,3,2026-09-03,ACTIVE,1,2024-08-16 00:00:00
LN00381,LN00381,USR0244,USR0244,PERSONAL_LOAN,570000,570000.0,44,13.99,13.99,16634,16634.0,11,33,7,2026-09-07,ACTIVE,1,2021-09-28 00:00:00
LN00382,LN00382,USR0245,USR0245,CREDIT_CARD_DEBT,220000,220000.0,23,31.69,31.69,12884,12884.0,13,10,2,2026-09-02,ACTIVE,1,2023-02-08 00:00:00
LN00383,LN00383,USR0246,USR0246,VEHICLE_LOAN,210000,210000.0,50,10.24,10.24,5177,5177.0,14,36,6,2026-09-06,ACTIVE,1,2023-12-25 00:00:00
LN00384,LN00384,USR0247,USR0247,VEHICLE_LOAN,920000,920000.0,54,11.56,11.56,21931,21931.0,14,40,10,2026-09-10,ACTIVE,1,2023-05-12 00:00:00
LN00385,LN00385,USR0247,USR0247,CREDIT_CARD_DEBT,40000,40000.0,22,37.17,37.17,2534,2534.0,16,6,9,2026-09-09,ACTIVE,1,2023-05-12 00:00:00
LN00386,LN00386,USR0248,USR0248,HOME_LOAN,7150000,7150000.0,149,9.14,9.14,80423,80423.0,43,106,6,2026-09-06,ACTIVE,1,2023-04-07 00:00:00
LN00387,LN00387,USR0249,USR0249,EDUCATION_LOAN,1540000,1540000.0,117,8.94,8.94,19768,19768.0,42,75,10,2026-09-10,ACTIVE,1,2021-05-18 00:00:00
LN00388,LN00388,USR0249,USR0249,PERSONAL_LOAN,430000,430000.0,51,15.02,15.02,11458,11458.0,16,35,1,2026-09-01,ACTIVE,1,2021-05-18 00:00:00
LN00389,LN00389,USR0250,USR0250,VEHICLE_LOAN,560000,560000.0,43,9.98,9.98,15544,15544.0,25,18,5,2026-09-05,ACTIVE,1,2021-04-30 00:00:00
LN00390,LN00390,USR0250,USR0250,EDUCATION_LOAN,1730000,1730000.0,94,9.01,9.01,25723,25723.0,47,47,5,2026-09-05,ACTIVE,1,2021-04-30 00:00:00
LN00391,LN00391,USR0251,USR0251,PERSONAL_LOAN,600000,600000.0,45,15.04,15.04,17526,17526.0,24,21,9,2026-09-09,ACTIVE,1,2022-10-05 00:00:00
LN00392,LN00392,USR0252,USR0252,CREDIT_CARD_DEBT,80000,80000.0,20,26.56,26.56,4994,4994.0,16,4,1,2026-09-01,ACTIVE,1,2021-02-14 00:00:00
LN00393,LN00393,USR0253,USR0253,EDUCATION_LOAN,1120000,1120000.0,117,10.25,10.25,15177,15177.0,42,75,4,2026-09-04,ACTIVE,1,2024-07-16 00:00:00
LN00394,LN00394,USR0254,USR0254,VEHICLE_LOAN,820000,820000.0,42,9.41,9.41,22991,22991.0,11,31,9,2026-09-09,ACTIVE,1,2023-12-29 00:00:00
LN00395,LN00395,USR0254,USR0254,HOME_LOAN,7050000,7050000.0,256,8.44,8.44,59473,59473.0,1,255,2,2026-09-02,ACTIVE,1,2023-12-29 00:00:00
LN00396,LN00396,USR0255,USR0255,PERSONAL_LOAN,540000,540000.0,55,11.19,11.19,12595,12595.0,28,27,2,2026-09-02,ACTIVE,1,2021-04-19 00:00:00
LN00397,LN00397,USR0255,USR0255,CREDIT_CARD_DEBT,180000,180000.0,12,29.85,29.85,17534,17534.0,9,3,7,2026-09-07,ACTIVE,1,2021-04-19 00:00:00
LN00398,LN00398,USR0256,USR0256,HOME_LOAN,2420000,2420000.0,126,7.85,7.85,28256,28256.0,30,96,6,2026-09-06,ACTIVE,1,2022-08-13 00:00:00
LN00399,LN00399,USR0256,USR0256,PERSONAL_LOAN,700000,700000.0,14,11.75,11.75,53749,53749.0,2,12,2,2026-09-02,ACTIVE,1,2022-08-13 00:00:00
LN00400,LN00400,USR0257,USR0257,HOME_LOAN,3680000,3680000.0,262,8.79,8.79,31630,31630.0,5,257,10,2026-09-10,ACTIVE,1,2024-10-07 00:00:00
LN00401,LN00401,USR0257,USR0257,PERSONAL_LOAN,590000,590000.0,26,13.32,13.32,26249,26249.0,9,17,7,2026-09-07,ACTIVE,1,2024-10-07 00:00:00
LN00402,LN00402,USR0257,USR0257,EDUCATION_LOAN,890000,890000.0,84,8.64,8.64,14157,14157.0,29,55,7,2026-09-07,ACTIVE,1,2024-10-07 00:00:00
LN00403,LN00403,USR0258,USR0258,EDUCATION_LOAN,890000,890000.0,80,9.96,9.96,15269,15269.0,2,78,7,2026-09-07,ACTIVE,1,2024-09-06 00:00:00
LN00404,LN00404,USR0259,USR0259,HOME_LOAN,7230000,7230000.0,284,9.03,9.03,61751,61751.0,47,237,10,2026-09-10,ACTIVE,1,2022-02-16 00:00:00
LN00405,LN00405,USR0259,USR0259,CREDIT_CARD_DEBT,200000,200000.0,8,35.97,35.97,28488,28488.0,7,1,10,2026-09-10,ACTIVE,1,2022-02-16 00:00:00
LN00406,LN00406,USR0260,USR0260,HOME_LOAN,7440000,7440000.0,299,8.84,8.84,61680,61680.0,55,244,2,2026-09-02,ACTIVE,1,2022-07-19 00:00:00
LN00407,LN00407,USR0261,USR0261,PERSONAL_LOAN,180000,180000.0,50,12.96,12.96,4678,4678.0,6,44,5,2026-09-05,ACTIVE,1,2021-05-21 00:00:00
LN00408,LN00408,USR0261,USR0261,VEHICLE_LOAN,660000,660000.0,84,11.46,11.46,11461,11461.0,60,24,8,2026-09-08,ACTIVE,1,2021-05-21 00:00:00
LN00409,LN00409,USR0261,USR0261,EDUCATION_LOAN,1270000,1270000.0,84,9.14,9.14,20523,20523.0,26,58,1,2026-09-01,ACTIVE,1,2021-05-21 00:00:00
LN00410,LN00410,USR0262,USR0262,EDUCATION_LOAN,580000,580000.0,94,9.27,9.27,8702,8702.0,15,79,3,2026-09-03,ACTIVE,1,2021-08-11 00:00:00
LN00411,LN00411,USR0262,USR0262,PERSONAL_LOAN,130000,130000.0,59,14.57,14.57,3099,3099.0,26,33,9,2026-09-09,ACTIVE,1,2021-08-11 00:00:00
LN00412,LN00412,USR0263,USR0263,EDUCATION_LOAN,850000,850000.0,100,10.58,10.58,12826,12826.0,10,90,5,2026-09-05,ACTIVE,1,2022-07-07 00:00:00
LN00413,LN00413,USR0264,USR0264,VEHICLE_LOAN,1110000,1110000.0,36,11.02,11.02,36350,36350.0,10,26,2,2026-09-02,ACTIVE,1,2022-10-09 00:00:00
LN00414,LN00414,USR0265,USR0265,HOME_LOAN,2110000,2110000.0,272,9.43,9.43,18820,18820.0,26,246,9,2026-09-09,ACTIVE,1,2023-12-17 00:00:00
LN00415,LN00415,USR0265,USR0265,CREDIT_CARD_DEBT,190000,190000.0,23,29.49,29.49,10913,10913.0,3,20,5,2026-09-05,ACTIVE,1,2023-12-17 00:00:00
LN00416,LN00416,USR0265,USR0265,VEHICLE_LOAN,1030000,1030000.0,49,9.13,9.13,25261,25261.0,48,1,6,2026-09-06,ACTIVE,1,2023-12-17 00:00:00
LN00417,LN00417,USR0266,USR0266,VEHICLE_LOAN,310000,310000.0,77,10.81,10.81,5600,5600.0,55,22,9,2026-09-09,ACTIVE,1,2023-07-15 00:00:00
LN00418,LN00418,USR0266,USR0266,CREDIT_CARD_DEBT,140000,140000.0,10,25.74,25.74,15704,15704.0,3,7,3,2026-09-03,ACTIVE,1,2023-07-15 00:00:00
LN00419,LN00419,USR0267,USR0267,VEHICLE_LOAN,210000,210000.0,75,9.88,9.88,3764,3764.0,54,21,5,2026-09-05,ACTIVE,1,2021-02-10 00:00:00
LN00420,LN00420,USR0268,USR0268,PERSONAL_LOAN,520000,520000.0,54,12.13,12.13,12543,12543.0,52,2,10,2026-09-10,ACTIVE,1,2024-08-03 00:00:00
LN00421,LN00421,USR0268,USR0268,CREDIT_CARD_DEBT,90000,90000.0,33,37.38,37.38,4404,4404.0,4,29,9,2026-09-09,ACTIVE,1,2024-08-03 00:00:00
LN00422,LN00422,USR0269,USR0269,CREDIT_CARD_DEBT,230000,230000.0,26,39.34,39.34,13281,13281.0,18,8,2,2026-09-02,ACTIVE,1,2021-03-07 00:00:00
LN00423,LN00423,USR0270,USR0270,EDUCATION_LOAN,1350000,1350000.0,64,10.68,10.68,27760,27760.0,17,47,2,2026-09-02,ACTIVE,1,2021-12-18 00:00:00
LN00424,LN00424,USR0270,USR0270,CREDIT_CARD_DEBT,60000,60000.0,12,25.42,25.42,5715,5715.0,10,2,8,2026-09-08,ACTIVE,1,2021-12-18 00:00:00
LN00425,LN00425,USR0271,USR0271,VEHICLE_LOAN,990000,990000.0,58,8.14,8.14,20703,20703.0,9,49,4,2026-09-04,ACTIVE,1,2022-12-23 00:00:00
LN00426,LN00426,USR0272,USR0272,PERSONAL_LOAN,800000,800000.0,30,15.21,15.21,32224,32224.0,20,10,2,2026-09-02,ACTIVE,1,2022-03-27 00:00:00
LN00427,LN00427,USR0273,USR0273,VEHICLE_LOAN,260000,260000.0,64,11.33,11.33,5431,5431.0,22,42,10,2026-09-10,ACTIVE,1,2022-05-20 00:00:00
LN00428,LN00428,USR0273,USR0273,EDUCATION_LOAN,1360000,1360000.0,102,8.34,8.34,18657,18657.0,20,82,10,2026-09-10,ACTIVE,1,2022-05-20 00:00:00
LN00429,LN00429,USR0274,USR0274,PERSONAL_LOAN,740000,740000.0,48,14.18,14.18,20288,20288.0,37,11,6,2026-09-06,ACTIVE,1,2022-10-09 00:00:00
LN00430,LN00430,USR0275,USR0275,VEHICLE_LOAN,1080000,1080000.0,36,10.29,10.29,34996,34996.0,21,15,4,2026-09-04,ACTIVE,1,2021-10-12 00:00:00
LN00431,LN00431,USR0275,USR0275,EDUCATION_LOAN,1230000,1230000.0,110,9.29,9.29,16651,16651.0,15,95,7,2026-09-07,ACTIVE,1,2021-10-12 00:00:00
LN00432,LN00432,USR0275,USR0275,HOME_LOAN,3900000,3900000.0,190,8.37,8.37,37109,37109.0,54,136,6,2026-09-06,ACTIVE,1,2021-10-12 00:00:00
LN00433,LN00433,USR0276,USR0276,PERSONAL_LOAN,520000,520000.0,42,15.41,15.41,16096,16096.0,30,12,8,2026-09-08,ACTIVE,1,2022-05-23 00:00:00
LN00434,LN00434,USR0276,USR0276,VEHICLE_LOAN,640000,640000.0,58,10.43,10.43,14095,14095.0,50,8,5,2026-09-05,ACTIVE,1,2022-05-23 00:00:00
LN00435,LN00435,USR0277,USR0277,EDUCATION_LOAN,1350000,1350000.0,71,10.11,10.11,25342,25342.0,42,29,10,2026-09-10,ACTIVE,1,2021-09-16 00:00:00
LN00436,LN00436,USR0277,USR0277,HOME_LOAN,3420000,3420000.0,140,8.52,8.52,38628,38628.0,54,86,5,2026-09-05,ACTIVE,1,2021-09-16 00:00:00
LN00437,LN00437,USR0279,USR0279,PERSONAL_LOAN,440000,440000.0,46,14.09,14.09,12435,12435.0,13,33,5,2026-09-05,ACTIVE,1,2024-02-05 00:00:00
LN00438,LN00438,USR0280,USR0280,PERSONAL_LOAN,520000,520000.0,58,14.59,14.59,12547,12547.0,5,53,1,2026-09-01,ACTIVE,1,2023-05-31 00:00:00
LN00439,LN00439,USR0281,USR0281,CREDIT_CARD_DEBT,170000,170000.0,32,25.28,25.28,7357,7357.0,19,13,10,2026-09-10,ACTIVE,1,2024-04-20 00:00:00
LN00440,LN00440,USR0281,USR0281,HOME_LOAN,3530000,3530000.0,223,8.22,8.22,30929,30929.0,50,173,10,2026-09-10,ACTIVE,1,2024-04-20 00:00:00
LN00441,LN00441,USR0282,USR0282,PERSONAL_LOAN,130000,130000.0,14,11.27,11.27,9953,9953.0,9,5,5,2026-09-05,ACTIVE,1,2021-05-30 00:00:00
LN00442,LN00442,USR0283,USR0283,PERSONAL_LOAN,780000,780000.0,26,12.32,12.32,34335,34335.0,25,1,10,2026-09-10,ACTIVE,1,2021-04-23 00:00:00
LN00443,LN00443,USR0283,USR0283,VEHICLE_LOAN,680000,680000.0,82,8.78,8.78,11057,11057.0,55,27,5,2026-09-05,ACTIVE,1,2021-04-23 00:00:00
LN00444,LN00444,USR0283,USR0283,CREDIT_CARD_DEBT,160000,160000.0,10,29.05,29.05,18207,18207.0,8,2,9,2026-09-09,ACTIVE,1,2021-04-23 00:00:00
LN00445,LN00445,USR0285,USR0285,PERSONAL_LOAN,100000,100000.0,37,10.54,10.54,3177,3177.0,24,13,9,2026-09-09,ACTIVE,1,2021-07-16 00:00:00
LN00446,LN00446,USR0286,USR0286,VEHICLE_LOAN,240000,240000.0,79,8.43,8.43,3969,3969.0,11,68,9,2026-09-09,ACTIVE,1,2021-05-28 00:00:00
LN00447,LN00447,USR0286,USR0286,EDUCATION_LOAN,940000,940000.0,68,10.41,10.41,18358,18358.0,29,39,3,2026-09-03,ACTIVE,1,2021-05-28 00:00:00
LN00448,LN00448,USR0287,USR0287,PERSONAL_LOAN,460000,460000.0,59,12.11,12.11,10385,10385.0,47,12,8,2026-09-08,ACTIVE,1,2022-06-18 00:00:00
LN00449,LN00449,USR0287,USR0287,CREDIT_CARD_DEBT,230000,230000.0,36,31.15,31.15,9909,9909.0,23,13,1,2026-09-01,ACTIVE,1,2022-06-18 00:00:00
LN00450,LN00450,USR0288,USR0288,PERSONAL_LOAN,530000,530000.0,60,11.13,11.13,11558,11558.0,32,28,4,2026-09-04,ACTIVE,1,2022-09-03 00:00:00
LN00451,LN00451,USR0289,USR0289,HOME_LOAN,5040000,5040000.0,187,9.25,9.25,50977,50977.0,24,163,4,2026-09-04,ACTIVE,1,2024-03-13 00:00:00
LN00452,LN00452,USR0290,USR0290,HOME_LOAN,6210000,6210000.0,252,9.49,9.49,56932,56932.0,59,193,6,2026-09-06,ACTIVE,1,2024-04-09 00:00:00
LN00453,LN00453,USR0290,USR0290,PERSONAL_LOAN,190000,190000.0,36,12.01,12.01,6312,6312.0,31,5,8,2026-09-08,ACTIVE,1,2024-04-09 00:00:00
LN00454,LN00454,USR0291,USR0291,PERSONAL_LOAN,400000,400000.0,14,12.76,12.76,30902,30902.0,11,3,6,2026-09-06,ACTIVE,1,2023-08-25 00:00:00
LN00455,LN00455,USR0292,USR0292,PERSONAL_LOAN,600000,600000.0,57,13.84,13.84,14421,14421.0,34,23,5,2026-09-05,ACTIVE,1,2024-03-19 00:00:00
LN00456,LN00456,USR0293,USR0293,VEHICLE_LOAN,1020000,1020000.0,73,11.82,11.82,19659,19659.0,35,38,10,2026-09-10,ACTIVE,1,2021-07-21 00:00:00
LN00457,LN00457,USR0294,USR0294,VEHICLE_LOAN,200000,200000.0,60,10.55,10.55,4304,4304.0,42,18,7,2026-09-07,ACTIVE,1,2021-10-06 00:00:00
LN00458,LN00458,USR0295,USR0295,VEHICLE_LOAN,460000,460000.0,73,8.24,8.24,8033,8033.0,42,31,2,2026-09-02,ACTIVE,1,2022-02-12 00:00:00
LN00459,LN00459,USR0296,USR0296,EDUCATION_LOAN,1500000,1500000.0,118,8.34,8.34,18671,18671.0,15,103,9,2026-09-09,ACTIVE,1,2024-07-01 00:00:00
LN00460,LN00460,USR0296,USR0296,VEHICLE_LOAN,580000,580000.0,61,9.82,9.82,12116,12116.0,23,38,6,2026-09-06,ACTIVE,1,2024-07-01 00:00:00
LN00461,LN00461,USR0297,USR0297,CREDIT_CARD_DEBT,50000,50000.0,22,31.54,31.54,3022,3022.0,5,17,8,2026-09-08,ACTIVE,1,2021-09-25 00:00:00
LN00462,LN00462,USR0297,USR0297,EDUCATION_LOAN,1600000,1600000.0,70,8.21,8.21,28842,28842.0,15,55,2,2026-09-02,ACTIVE,1,2021-09-25 00:00:00
LN00463,LN00463,USR0297,USR0297,PERSONAL_LOAN,160000,160000.0,44,12.45,12.45,4548,4548.0,42,2,5,2026-09-05,ACTIVE,1,2021-09-25 00:00:00
LN00464,LN00464,USR0298,USR0298,VEHICLE_LOAN,870000,870000.0,47,10.71,10.71,22745,22745.0,11,36,6,2026-09-06,ACTIVE,1,2021-08-27 00:00:00
LN00465,LN00465,USR0298,USR0298,PERSONAL_LOAN,350000,350000.0,50,13.77,13.77,9238,9238.0,46,4,2,2026-09-02,ACTIVE,1,2021-08-27 00:00:00
LN00466,LN00466,USR0299,USR0299,VEHICLE_LOAN,840000,840000.0,62,11.65,11.65,18096,18096.0,52,10,6,2026-09-06,ACTIVE,1,2024-05-26 00:00:00
LN00467,LN00467,USR0300,USR0300,PERSONAL_LOAN,710000,710000.0,55,14.48,14.48,17738,17738.0,31,24,8,2026-09-08,ACTIVE,1,2022-09-29 00:00:00
LN00468,LN00468,USR0300,USR0300,VEHICLE_LOAN,320000,320000.0,49,11.61,11.61,8231,8231.0,38,11,3,2026-09-03,ACTIVE,1,2022-09-29 00:00:00
LN00469,LN00469,USR0301,USR0301,EDUCATION_LOAN,1250000,1250000.0,61,8.43,8.43,25266,25266.0,16,45,1,2026-09-01,ACTIVE,1,2021-11-08 00:00:00
LN00470,LN00470,USR0302,USR0302,PERSONAL_LOAN,400000,400000.0,48,12.12,12.12,10557,10557.0,38,10,3,2026-09-03,ACTIVE,1,2022-11-02 00:00:00
LN00471,LN00471,USR0303,USR0303,PERSONAL_LOAN,500000,500000.0,48,10.74,10.74,12860,12860.0,10,38,1,2026-09-01,ACTIVE,1,2021-07-30 00:00:00
LN00472,LN00472,USR0303,USR0303,HOME_LOAN,2740000,2740000.0,162,8.62,8.62,28676,28676.0,17,145,3,2026-09-03,ACTIVE,1,2021-07-30 00:00:00
LN00473,LN00473,USR0304,USR0304,CREDIT_CARD_DEBT,190000,190000.0,25,35.74,35.74,10885,10885.0,19,6,1,2026-09-01,ACTIVE,1,2023-02-07 00:00:00
LN00474,LN00474,USR0305,USR0305,VEHICLE_LOAN,890000,890000.0,49,9.72,9.72,22078,22078.0,29,20,10,2026-09-10,ACTIVE,1,2022-10-02 00:00:00
LN00475,LN00475,USR0305,USR0305,HOME_LOAN,6040000,6040000.0,240,8.05,8.05,50709,50709.0,56,184,8,2026-09-08,ACTIVE,1,2022-10-02 00:00:00
LN00476,LN00476,USR0306,USR0306,PERSONAL_LOAN,650000,650000.0,26,12.96,12.96,28808,28808.0,14,12,10,2026-09-10,ACTIVE,1,2023-02-19 00:00:00
LN00477,LN00477,USR0307,USR0307,VEHICLE_LOAN,1020000,1020000.0,47,11.43,11.43,27023,27023.0,40,7,9,2026-09-09,ACTIVE,1,2022-02-11 00:00:00
LN00478,LN00478,USR0307,USR0307,EDUCATION_LOAN,1870000,1870000.0,76,9.29,9.29,32642,32642.0,11,65,6,2026-09-06,ACTIVE,1,2022-02-11 00:00:00
LN00479,LN00479,USR0308,USR0308,EDUCATION_LOAN,1330000,1330000.0,98,9.11,9.11,19289,19289.0,38,60,2,2026-09-02,ACTIVE,1,2022-10-20 00:00:00
LN00480,LN00480,USR0309,USR0309,PERSONAL_LOAN,590000,590000.0,36,14.29,14.29,20248,20248.0,9,27,2,2026-09-02,ACTIVE,1,2022-02-23 00:00:00
LN00481,LN00481,USR0309,USR0309,EDUCATION_LOAN,1000000,1000000.0,61,8.5,8.5,20246,20246.0,13,48,9,2026-09-09,ACTIVE,1,2022-02-23 00:00:00
LN00482,LN00482,USR0310,USR0310,CREDIT_CARD_DEBT,50000,50000.0,32,40.02,40.02,2565,2565.0,5,27,10,2026-09-10,ACTIVE,1,2024-11-28 00:00:00
LN00483,LN00483,USR0311,USR0311,HOME_LOAN,2930000,2930000.0,165,7.55,7.55,28593,28593.0,31,134,10,2026-09-10,ACTIVE,1,2021-09-24 00:00:00
LN00484,LN00484,USR0312,USR0312,CREDIT_CARD_DEBT,170000,170000.0,34,30.13,30.13,7493,7493.0,33,1,2,2026-09-02,ACTIVE,1,2021-04-30 00:00:00
LN00485,LN00485,USR0312,USR0312,HOME_LOAN,2430000,2430000.0,143,8.32,8.32,26841,26841.0,31,112,3,2026-09-03,ACTIVE,1,2021-04-30 00:00:00
LN00486,LN00486,USR0313,USR0313,CREDIT_CARD_DEBT,180000,180000.0,23,34.9,34.9,10842,10842.0,1,22,7,2026-09-07,ACTIVE,1,2022-01-24 00:00:00
LN00487,LN00487,USR0314,USR0314,CREDIT_CARD_DEBT,70000,70000.0,19,41.78,41.78,5098,5098.0,12,7,1,2026-09-01,ACTIVE,1,2021-10-17 00:00:00
LN00488,LN00488,USR0315,USR0315,VEHICLE_LOAN,890000,890000.0,58,8.56,8.56,18791,18791.0,38,20,10,2026-09-10,ACTIVE,1,2022-08-28 00:00:00
LN00489,LN00489,USR0315,USR0315,CREDIT_CARD_DEBT,130000,130000.0,9,24.5,24.5,15959,15959.0,7,2,3,2026-09-03,ACTIVE,1,2022-08-28 00:00:00
LN00490,LN00490,USR0315,USR0315,EDUCATION_LOAN,1210000,1210000.0,76,10.89,10.89,22107,22107.0,31,45,4,2026-09-04,ACTIVE,1,2022-08-28 00:00:00
LN00491,LN00491,USR0316,USR0316,PERSONAL_LOAN,130000,130000.0,30,10.67,10.67,4956,4956.0,20,10,9,2026-09-09,ACTIVE,1,2022-03-11 00:00:00
LN00492,LN00492,USR0317,USR0317,EDUCATION_LOAN,660000,660000.0,76,8.07,8.07,11120,11120.0,13,63,1,2026-09-01,ACTIVE,1,2023-11-04 00:00:00
LN00493,LN00493,USR0318,USR0318,PERSONAL_LOAN,420000,420000.0,45,12.09,12.09,11655,11655.0,8,37,9,2026-09-09,ACTIVE,1,2024-01-13 00:00:00
LN00494,LN00494,USR0318,USR0318,EDUCATION_LOAN,1840000,1840000.0,60,8.35,8.35,37618,37618.0,25,35,4,2026-09-04,ACTIVE,1,2024-01-13 00:00:00
LN00495,LN00495,USR0319,USR0319,EDUCATION_LOAN,900000,900000.0,83,10.67,10.67,15378,15378.0,7,76,3,2026-09-03,ACTIVE,1,2021-03-19 00:00:00
LN00496,LN00496,USR0319,USR0319,VEHICLE_LOAN,800000,800000.0,63,11.31,11.31,16897,16897.0,42,21,10,2026-09-10,ACTIVE,1,2021-03-19 00:00:00
LN00497,LN00497,USR0320,USR0320,EDUCATION_LOAN,860000,860000.0,114,10.88,10.88,12134,12134.0,35,79,7,2026-09-07,ACTIVE,1,2023-06-10 00:00:00
LN00498,LN00498,USR0320,USR0320,VEHICLE_LOAN,590000,590000.0,72,9.54,9.54,10794,10794.0,24,48,10,2026-09-10,ACTIVE,1,2023-06-10 00:00:00
LN00499,LN00499,USR0321,USR0321,VEHICLE_LOAN,740000,740000.0,79,8.62,8.62,12308,12308.0,26,53,4,2026-09-04,ACTIVE,1,2023-11-04 00:00:00
LN00500,LN00500,USR0322,USR0322,EDUCATION_LOAN,1270000,1270000.0,71,10.29,10.29,23956,23956.0,24,47,9,2026-09-09,ACTIVE,1,2023-06-21 00:00:00
LN00501,LN00501,USR0322,USR0322,CREDIT_CARD_DEBT,210000,210000.0,23,31.93,31.93,12325,12325.0,16,7,5,2026-09-05,ACTIVE,1,2023-06-21 00:00:00
LN00502,LN00502,USR0323,USR0323,EDUCATION_LOAN,810000,810000.0,96,8.58,8.58,11691,11691.0,23,73,7,2026-09-07,ACTIVE,1,2022-10-16 00:00:00
LN00503,LN00503,USR0324,USR0324,PERSONAL_LOAN,340000,340000.0,54,11.99,11.99,8178,8178.0,8,46,4,2026-09-04,ACTIVE,1,2024-07-24 00:00:00
LN00504,LN00504,USR0325,USR0325,EDUCATION_LOAN,1290000,1290000.0,66,9.04,9.04,24877,24877.0,14,52,9,2026-09-09,ACTIVE,1,2022-04-26 00:00:00
LN00505,LN00505,USR0325,USR0325,PERSONAL_LOAN,510000,510000.0,37,11.27,11.27,16381,16381.0,22,15,9,2026-09-09,ACTIVE,1,2022-04-26 00:00:00
LN00506,LN00506,USR0326,USR0326,PERSONAL_LOAN,540000,540000.0,22,13.19,13.19,27767,27767.0,13,9,1,2026-09-01,ACTIVE,1,2021-11-07 00:00:00
LN00507,LN00507,USR0327,USR0327,PERSONAL_LOAN,800000,800000.0,21,15.34,15.34,43679,43679.0,16,5,10,2026-09-10,ACTIVE,1,2021-09-18 00:00:00
LN00508,LN00508,USR0328,USR0328,CREDIT_CARD_DEBT,150000,150000.0,8,35.17,35.17,21306,21306.0,3,5,4,2026-09-04,ACTIVE,1,2021-06-05 00:00:00
LN00509,LN00509,USR0328,USR0328,PERSONAL_LOAN,240000,240000.0,35,12.67,12.67,8238,8238.0,6,29,10,2026-09-10,ACTIVE,1,2021-06-05 00:00:00
LN00510,LN00510,USR0329,USR0329,PERSONAL_LOAN,430000,430000.0,58,13.49,13.49,10132,10132.0,25,33,7,2026-09-07,ACTIVE,1,2022-05-10 00:00:00
LN00511,LN00511,USR0330,USR0330,CREDIT_CARD_DEBT,240000,240000.0,26,40.37,40.37,13994,13994.0,17,9,5,2026-09-05,ACTIVE,1,2021-12-01 00:00:00
LN00512,LN00512,USR0331,USR0331,CREDIT_CARD_DEBT,140000,140000.0,36,39.66,39.66,6708,6708.0,12,24,8,2026-09-08,ACTIVE,1,2021-05-10 00:00:00
LN00513,LN00513,USR0331,USR0331,HOME_LOAN,2780000,2780000.0,232,9.08,9.08,25466,25466.0,1,231,4,2026-09-04,ACTIVE,1,2021-05-10 00:00:00
LN00514,LN00514,USR0332,USR0332,CREDIT_CARD_DEBT,200000,200000.0,15,28.96,28.96,16050,16050.0,4,11,1,2026-09-01,ACTIVE,1,2024-09-02 00:00:00
LN00515,LN00515,USR0333,USR0333,VEHICLE_LOAN,1140000,1140000.0,46,8.6,8.6,29180,29180.0,44,2,1,2026-09-01,ACTIVE,1,2024-10-17 00:00:00
LN00516,LN00516,USR0333,USR0333,EDUCATION_LOAN,1140000,1140000.0,83,10.94,10.94,19640,19640.0,16,67,1,2026-09-01,ACTIVE,1,2024-10-17 00:00:00
LN00517,LN00517,USR0334,USR0334,VEHICLE_LOAN,1060000,1060000.0,41,10.35,10.35,30804,30804.0,18,23,7,2026-09-07,ACTIVE,1,2022-10-11 00:00:00
LN00518,LN00518,USR0335,USR0335,EDUCATION_LOAN,860000,860000.0,102,8.61,8.61,11919,11919.0,26,76,7,2026-09-07,ACTIVE,1,2024-10-17 00:00:00
LN00519,LN00519,USR0336,USR0336,CREDIT_CARD_DEBT,110000,110000.0,22,33.2,33.2,6742,6742.0,1,21,2,2026-09-02,ACTIVE,1,2023-02-15 00:00:00
LN00520,LN00520,USR0336,USR0336,PERSONAL_LOAN,440000,440000.0,17,13.68,13.68,28618,28618.0,10,7,9,2026-09-09,ACTIVE,1,2023-02-15 00:00:00
LN00521,LN00521,USR0337,USR0337,EDUCATION_LOAN,1970000,1970000.0,112,9.22,9.22,26293,26293.0,18,94,4,2026-09-04,ACTIVE,1,2022-03-27 00:00:00
LN00522,LN00522,USR0337,USR0337,VEHICLE_LOAN,1030000,1030000.0,74,11.06,11.06,19263,19263.0,13,61,8,2026-09-08,ACTIVE,1,2022-03-27 00:00:00
LN00523,LN00523,USR0338,USR0338,CREDIT_CARD_DEBT,240000,240000.0,24,27.61,27.61,13126,13126.0,1,23,5,2026-09-05,ACTIVE,1,2024-05-16 00:00:00
LN00524,LN00524,USR0339,USR0339,PERSONAL_LOAN,700000,700000.0,38,12.92,12.92,22543,22543.0,33,5,2,2026-09-02,ACTIVE,1,2023-07-25 00:00:00
LN00525,LN00525,USR0340,USR0340,CREDIT_CARD_DEBT,230000,230000.0,22,25.12,25.12,13153,13153.0,10,12,6,2026-09-06,ACTIVE,1,2023-05-08 00:00:00
LN00526,LN00526,USR0340,USR0340,HOME_LOAN,7300000,7300000.0,149,8.4,8.4,79063,79063.0,52,97,9,2026-09-09,ACTIVE,1,2023-05-08 00:00:00
LN00527,LN00527,USR0341,USR0341,VEHICLE_LOAN,830000,830000.0,80,11.71,11.71,14994,14994.0,29,51,7,2026-09-07,ACTIVE,1,2022-08-10 00:00:00
LN00528,LN00528,USR0341,USR0341,CREDIT_CARD_DEBT,20000,20000.0,24,32.58,32.58,1145,1145.0,16,8,4,2026-09-04,ACTIVE,1,2022-08-10 00:00:00
LN00529,LN00529,USR0342,USR0342,VEHICLE_LOAN,920000,920000.0,79,10.77,10.77,16308,16308.0,30,49,10,2026-09-10,ACTIVE,1,2024-03-20 00:00:00
LN00530,LN00530,USR0342,USR0342,EDUCATION_LOAN,620000,620000.0,115,8.9,8.9,8032,8032.0,2,113,8,2026-09-08,ACTIVE,1,2024-03-20 00:00:00
LN00531,LN00531,USR0343,USR0343,HOME_LOAN,6830000,6830000.0,186,8.06,8.06,64422,64422.0,5,181,7,2026-09-07,ACTIVE,1,2022-11-08 00:00:00
LN00532,LN00532,USR0344,USR0344,PERSONAL_LOAN,770000,770000.0,55,10.55,10.55,17717,17717.0,45,10,4,2026-09-04,ACTIVE,1,2023-04-24 00:00:00
LN00533,LN00533,USR0345,USR0345,VEHICLE_LOAN,880000,880000.0,58,11.31,11.31,19765,19765.0,34,24,9,2026-09-09,ACTIVE,1,2023-09-06 00:00:00
LN00534,LN00534,USR0345,USR0345,EDUCATION_LOAN,870000,870000.0,60,8.04,8.04,17657,17657.0,45,15,5,2026-09-05,ACTIVE,1,2023-09-06 00:00:00
LN00535,LN00535,USR0346,USR0346,PERSONAL_LOAN,680000,680000.0,17,14.57,14.57,44512,44512.0,13,4,6,2026-09-06,ACTIVE,1,2024-02-09 00:00:00
LN00536,LN00536,USR0346,USR0346,VEHICLE_LOAN,340000,340000.0,40,11.01,11.01,10193,10193.0,36,4,3,2026-09-03,ACTIVE,1,2024-02-09 00:00:00
LN00537,LN00537,USR0347,USR0347,EDUCATION_LOAN,1450000,1450000.0,82,10.3,10.3,24703,24703.0,14,68,10,2026-09-10,ACTIVE,1,2024-05-06 00:00:00
LN00538,LN00538,USR0347,USR0347,VEHICLE_LOAN,1050000,1050000.0,53,10.45,10.45,24818,24818.0,12,41,4,2026-09-04,ACTIVE,1,2024-05-06 00:00:00
LN00539,LN00539,USR0348,USR0348,CREDIT_CARD_DEBT,130000,130000.0,29,25.4,25.4,6044,6044.0,7,22,4,2026-09-04,ACTIVE,1,2024-04-03 00:00:00
LN00540,LN00540,USR0349,USR0349,VEHICLE_LOAN,610000,610000.0,52,8.26,8.26,13995,13995.0,14,38,4,2026-09-04,ACTIVE,1,2022-09-03 00:00:00
LN00541,LN00541,USR0350,USR0350,PERSONAL_LOAN,180000,180000.0,27,14.95,14.95,7892,7892.0,20,7,6,2026-09-06,ACTIVE,1,2023-08-14 00:00:00
LN00542,LN00542,USR0351,USR0351,PERSONAL_LOAN,150000,150000.0,19,15.75,15.75,8971,8971.0,3,16,8,2026-09-08,ACTIVE,1,2022-12-23 00:00:00
LN00543,LN00543,USR0351,USR0351,HOME_LOAN,5140000,5140000.0,277,8.1,8.1,41066,41066.0,1,276,9,2026-09-09,ACTIVE,1,2022-12-23 00:00:00
LN00544,LN00544,USR0352,USR0352,HOME_LOAN,5000000,5000000.0,243,9.09,9.09,45079,45079.0,24,219,10,2026-09-10,ACTIVE,1,2021-12-07 00:00:00
LN00545,LN00545,USR0353,USR0353,VEHICLE_LOAN,250000,250000.0,72,8.29,8.29,4419,4419.0,56,16,5,2026-09-05,ACTIVE,1,2023-03-02 00:00:00
LN00546,LN00546,USR0353,USR0353,EDUCATION_LOAN,1040000,1040000.0,91,8.89,8.89,15751,15751.0,12,79,9,2026-09-09,ACTIVE,1,2023-03-02 00:00:00
LN00547,LN00547,USR0354,USR0354,CREDIT_CARD_DEBT,80000,80000.0,7,38.46,38.46,12940,12940.0,5,2,7,2026-09-07,ACTIVE,1,2021-09-25 00:00:00
LN00548,LN00548,USR0354,USR0354,PERSONAL_LOAN,750000,750000.0,42,12.73,12.73,22223,22223.0,35,7,1,2026-09-01,ACTIVE,1,2021-09-25 00:00:00
LN00549,LN00549,USR0354,USR0354,EDUCATION_LOAN,1850000,1850000.0,92,8.96,8.96,27872,27872.0,23,69,7,2026-09-07,ACTIVE,1,2021-09-25 00:00:00
LN00550,LN00550,USR0355,USR0355,PERSONAL_LOAN,260000,260000.0,41,14.02,14.02,8017,8017.0,8,33,9,2026-09-09,ACTIVE,1,2024-09-10 00:00:00
LN00551,LN00551,USR0356,USR0356,EDUCATION_LOAN,1370000,1370000.0,60,9.07,9.07,28486,28486.0,1,59,4,2026-09-04,ACTIVE,1,2021-11-04 00:00:00
LN00552,LN00552,USR0356,USR0356,VEHICLE_LOAN,850000,850000.0,60,8.49,8.49,17435,17435.0,38,22,2,2026-09-02,ACTIVE,1,2021-11-04 00:00:00
LN00553,LN00553,USR0356,USR0356,CREDIT_CARD_DEBT,220000,220000.0,16,33.06,33.06,17188,17188.0,6,10,10,2026-09-10,ACTIVE,1,2021-11-04 00:00:00
LN00554,LN00554,USR0357,USR0357,VEHICLE_LOAN,790000,790000.0,47,10.5,10.5,20573,20573.0,36,11,5,2026-09-05,ACTIVE,1,2024-11-18 00:00:00
LN00555,LN00555,USR0358,USR0358,PERSONAL_LOAN,580000,580000.0,29,11.83,11.83,23093,23093.0,16,13,10,2026-09-10,ACTIVE,1,2024-08-05 00:00:00
LN00556,LN00556,USR0359,USR0359,VEHICLE_LOAN,1020000,1020000.0,47,11.22,11.22,26918,26918.0,32,15,7,2026-09-07,ACTIVE,1,2024-08-31 00:00:00
LN00557,LN00557,USR0359,USR0359,CREDIT_CARD_DEBT,150000,150000.0,12,33.36,33.36,14872,14872.0,7,5,6,2026-09-06,ACTIVE,1,2024-08-31 00:00:00
LN00558,LN00558,USR0360,USR0360,VEHICLE_LOAN,980000,980000.0,61,9.09,9.09,20122,20122.0,18,43,8,2026-09-08,ACTIVE,1,2023-12-30 00:00:00
LN00559,LN00559,USR0361,USR0361,PERSONAL_LOAN,300000,300000.0,48,11.24,11.24,7789,7789.0,9,39,10,2026-09-10,ACTIVE,1,2022-11-10 00:00:00
LN00560,LN00560,USR0362,USR0362,PERSONAL_LOAN,140000,140000.0,58,14.62,14.62,3380,3380.0,18,40,4,2026-09-04,ACTIVE,1,2021-04-17 00:00:00
LN00561,LN00561,USR0362,USR0362,HOME_LOAN,3910000,3910000.0,262,7.5,7.5,30374,30374.0,28,234,7,2026-09-07,ACTIVE,1,2021-04-17 00:00:00
LN00562,LN00562,USR0363,USR0363,PERSONAL_LOAN,130000,130000.0,59,12.02,12.02,2929,2929.0,10,49,8,2026-09-08,ACTIVE,1,2021-12-28 00:00:00
LN00563,LN00563,USR0363,USR0363,CREDIT_CARD_DEBT,180000,180000.0,31,25.13,25.13,7952,7952.0,1,30,3,2026-09-03,ACTIVE,1,2021-12-28 00:00:00
LN00564,LN00564,USR0364,USR0364,EDUCATION_LOAN,410000,410000.0,117,8.74,8.74,5219,5219.0,55,62,9,2026-09-09,ACTIVE,1,2024-12-25 00:00:00
LN00565,LN00565,USR0364,USR0364,CREDIT_CARD_DEBT,190000,190000.0,23,29.69,29.69,10932,10932.0,11,12,8,2026-09-08,ACTIVE,1,2024-12-25 00:00:00
LN00566,LN00566,USR0364,USR0364,HOME_LOAN,2610000,2610000.0,196,8.22,8.22,24238,24238.0,17,179,9,2026-09-09,ACTIVE,1,2024-12-25 00:00:00
LN00567,LN00567,USR0365,USR0365,CREDIT_CARD_DEBT,210000,210000.0,7,29.64,29.64,33036,33036.0,4,3,2,2026-09-02,ACTIVE,1,2022-01-08 00:00:00
LN00568,LN00568,USR0366,USR0366,VEHICLE_LOAN,1090000,1090000.0,49,9.74,9.74,27050,27050.0,17,32,8,2026-09-08,ACTIVE,1,2024-02-19 00:00:00
LN00569,LN00569,USR0366,USR0366,PERSONAL_LOAN,740000,740000.0,52,12.58,12.58,18533,18533.0,7,45,8,2026-09-08,ACTIVE,1,2024-02-19 00:00:00
LN00570,LN00570,USR0367,USR0367,VEHICLE_LOAN,290000,290000.0,59,10.75,10.75,6350,6350.0,36,23,9,2026-09-09,ACTIVE,1,2021-04-20 00:00:00
LN00571,LN00571,USR0367,USR0367,CREDIT_CARD_DEBT,130000,130000.0,35,30.98,30.98,5686,5686.0,17,18,6,2026-09-06,ACTIVE,1,2021-04-20 00:00:00
LN00572,LN00572,USR0367,USR0367,PERSONAL_LOAN,540000,540000.0,13,14.37,14.37,45103,45103.0,7,6,2,2026-09-02,ACTIVE,1,2021-04-20 00:00:00
LN00573,LN00573,USR0368,USR0368,EDUCATION_LOAN,670000,670000.0,115,10.14,10.14,9131,9131.0,44,71,10,2026-09-10,ACTIVE,1,2023-11-06 00:00:00
LN00574,LN00574,USR0369,USR0369,VEHICLE_LOAN,1170000,1170000.0,72,11.04,11.04,22294,22294.0,37,35,9,2026-09-09,ACTIVE,1,2021-08-26 00:00:00
LN00575,LN00575,USR0370,USR0370,PERSONAL_LOAN,590000,590000.0,34,12.14,12.14,20595,20595.0,21,13,9,2026-09-09,ACTIVE,1,2022-07-18 00:00:00
LN00576,LN00576,USR0370,USR0370,VEHICLE_LOAN,310000,310000.0,67,11.13,11.13,6233,6233.0,50,17,8,2026-09-08,ACTIVE,1,2022-07-18 00:00:00
LN00577,LN00577,USR0371,USR0371,HOME_LOAN,2290000,2290000.0,277,8.22,8.22,18475,18475.0,19,258,8,2026-09-08,ACTIVE,1,2022-03-07 00:00:00
LN00578,LN00578,USR0371,USR0371,EDUCATION_LOAN,1930000,1930000.0,100,9.5,9.5,28010,28010.0,10,90,3,2026-09-03,ACTIVE,1,2022-03-07 00:00:00
LN00579,LN00579,USR0372,USR0372,CREDIT_CARD_DEBT,130000,130000.0,33,27.76,27.76,5676,5676.0,5,28,2,2026-09-02,ACTIVE,1,2021-10-07 00:00:00
LN00580,LN00580,USR0372,USR0372,EDUCATION_LOAN,990000,990000.0,70,9.11,9.11,18284,18284.0,22,48,4,2026-09-04,ACTIVE,1,2021-10-07 00:00:00
LN00581,LN00581,USR0372,USR0372,VEHICLE_LOAN,250000,250000.0,56,11.07,11.07,5736,5736.0,21,35,5,2026-09-05,ACTIVE,1,2021-10-07 00:00:00
LN00582,LN00582,USR0373,USR0373,CREDIT_CARD_DEBT,210000,210000.0,34,39.31,39.31,10333,10333.0,29,5,6,2026-09-06,ACTIVE,1,2022-01-30 00:00:00
LN00583,LN00583,USR0373,USR0373,EDUCATION_LOAN,740000,740000.0,107,9.97,9.97,10466,10466.0,38,69,9,2026-09-09,ACTIVE,1,2022-01-30 00:00:00
LN00584,LN00584,USR0373,USR0373,PERSONAL_LOAN,430000,430000.0,40,15.34,15.34,13799,13799.0,27,13,3,2026-09-03,ACTIVE,1,2022-01-30 00:00:00
LN00585,LN00585,USR0374,USR0374,HOME_LOAN,6070000,6070000.0,180,8.72,8.72,60559,60559.0,43,137,5,2026-09-05,ACTIVE,1,2021-11-18 00:00:00
LN00586,LN00586,USR0374,USR0374,PERSONAL_LOAN,310000,310000.0,59,11.25,11.25,6865,6865.0,45,14,2,2026-09-02,ACTIVE,1,2021-11-18 00:00:00
LN00587,LN00587,USR0375,USR0375,VEHICLE_LOAN,940000,940000.0,46,9.26,9.26,24354,24354.0,26,20,2,2026-09-02,ACTIVE,1,2022-03-23 00:00:00
LN00588,LN00588,USR0376,USR0376,PERSONAL_LOAN,380000,380000.0,42,14.42,14.42,11575,11575.0,36,6,1,2026-09-01,ACTIVE,1,2022-01-23 00:00:00
LN00589,LN00589,USR0376,USR0376,CREDIT_CARD_DEBT,70000,70000.0,6,40.02,40.02,13066,13066.0,4,2,9,2026-09-09,ACTIVE,1,2022-01-23 00:00:00
LN00590,LN00590,USR0377,USR0377,HOME_LOAN,4210000,4210000.0,146,7.62,7.62,44324,44324.0,17,129,10,2026-09-10,ACTIVE,1,2022-11-23 00:00:00
LN00591,LN00591,USR0378,USR0378,VEHICLE_LOAN,720000,720000.0,41,9.07,9.07,20488,20488.0,25,16,5,2026-09-05,ACTIVE,1,2023-09-28 00:00:00
LN00592,LN00592,USR0379,USR0379,PERSONAL_LOAN,110000,110000.0,59,12.59,12.59,2510,2510.0,19,40,8,2026-09-08,ACTIVE,1,2022-09-09 00:00:00
LN00593,LN00593,USR0379,USR0379,CREDIT_CARD_DEBT,100000,100000.0,26,24.35,24.35,4988,4988.0,5,21,3,2026-09-03,ACTIVE,1,2022-09-09 00:00:00
LN00594,LN00594,USR0381,USR0381,VEHICLE_LOAN,690000,690000.0,37,9.62,9.62,21625,21625.0,3,34,6,2026-09-06,ACTIVE,1,2022-06-25 00:00:00
LN00595,LN00595,USR0382,USR0382,VEHICLE_LOAN,800000,800000.0,65,8.04,8.04,15222,15222.0,56,9,9,2026-09-09,ACTIVE,1,2023-07-02 00:00:00
LN00596,LN00596,USR0382,USR0382,EDUCATION_LOAN,1140000,1140000.0,119,10.89,10.89,15705,15705.0,18,101,9,2026-09-09,ACTIVE,1,2023-07-02 00:00:00
LN00597,LN00597,USR0383,USR0383,EDUCATION_LOAN,1480000,1480000.0,120,8.94,8.94,18700,18700.0,45,75,9,2026-09-09,ACTIVE,1,2024-08-05 00:00:00
LN00598,LN00598,USR0383,USR0383,PERSONAL_LOAN,640000,640000.0,23,14.75,14.75,32114,32114.0,19,4,10,2026-09-10,ACTIVE,1,2024-08-05 00:00:00
LN00599,LN00599,USR0384,USR0384,CREDIT_CARD_DEBT,240000,240000.0,26,26.26,26.26,12202,12202.0,24,2,10,2026-09-10,ACTIVE,1,2022-04-26 00:00:00
LN00600,LN00600,USR0386,USR0386,EDUCATION_LOAN,1690000,1690000.0,118,8.36,8.36,21054,21054.0,23,95,8,2026-09-08,ACTIVE,1,2023-11-10 00:00:00
LN00601,LN00601,USR0386,USR0386,VEHICLE_LOAN,470000,470000.0,70,8.07,8.07,8440,8440.0,15,55,2,2026-09-02,ACTIVE,1,2023-11-10 00:00:00
LN00602,LN00602,USR0388,USR0388,EDUCATION_LOAN,1230000,1230000.0,83,9.04,9.04,19986,19986.0,27,56,5,2026-09-05,ACTIVE,1,2023-07-16 00:00:00
LN00603,LN00603,USR0388,USR0388,VEHICLE_LOAN,570000,570000.0,45,8.01,8.01,14706,14706.0,20,25,1,2026-09-01,ACTIVE,1,2023-07-16 00:00:00
LN00604,LN00604,USR0389,USR0389,HOME_LOAN,5880000,5880000.0,253,9.45,9.45,53683,53683.0,53,200,3,2026-09-03,ACTIVE,1,2022-05-16 00:00:00
LN00605,LN00605,USR0390,USR0390,EDUCATION_LOAN,440000,440000.0,90,10.7,10.7,7131,7131.0,35,55,1,2026-09-01,ACTIVE,1,2024-09-30 00:00:00
LN00606,LN00606,USR0390,USR0390,VEHICLE_LOAN,980000,980000.0,80,11.12,11.12,17401,17401.0,60,20,8,2026-09-08,ACTIVE,1,2024-09-30 00:00:00
LN00607,LN00607,USR0391,USR0391,CREDIT_CARD_DEBT,110000,110000.0,15,29.45,29.45,8854,8854.0,1,14,7,2026-09-07,ACTIVE,1,2021-09-23 00:00:00
LN00608,LN00608,USR0392,USR0392,EDUCATION_LOAN,770000,770000.0,98,8.74,8.74,11019,11019.0,15,83,1,2026-09-01,ACTIVE,1,2023-09-18 00:00:00
LN00609,LN00609,USR0393,USR0393,EDUCATION_LOAN,1600000,1600000.0,72,9.42,9.42,29176,29176.0,27,45,9,2026-09-09,ACTIVE,1,2021-05-02 00:00:00
LN00610,LN00610,USR0394,USR0394,CREDIT_CARD_DEBT,240000,240000.0,18,40.97,40.97,18067,18067.0,8,10,3,2026-09-03,ACTIVE,1,2021-05-28 00:00:00
LN00611,LN00611,USR0395,USR0395,EDUCATION_LOAN,1990000,1990000.0,74,9.63,9.63,35767,35767.0,17,57,2,2026-09-02,ACTIVE,1,2024-03-21 00:00:00
LN00612,LN00612,USR0395,USR0395,CREDIT_CARD_DEBT,240000,240000.0,19,25.36,25.36,15468,15468.0,8,11,9,2026-09-09,ACTIVE,1,2024-03-21 00:00:00
LN00613,LN00613,USR0396,USR0396,EDUCATION_LOAN,760000,760000.0,78,8.59,8.59,12750,12750.0,42,36,9,2026-09-09,ACTIVE,1,2024-10-24 00:00:00
LN00614,LN00614,USR0398,USR0398,VEHICLE_LOAN,980000,980000.0,48,10.31,10.31,25001,25001.0,5,43,3,2026-09-03,ACTIVE,1,2023-10-12 00:00:00
LN00615,LN00615,USR0398,USR0398,EDUCATION_LOAN,640000,640000.0,68,10.43,10.43,12505,12505.0,19,49,2,2026-09-02,ACTIVE,1,2023-10-12 00:00:00
LN00616,LN00616,USR0399,USR0399,EDUCATION_LOAN,1020000,1020000.0,77,10.02,10.02,18012,18012.0,45,32,10,2026-09-10,ACTIVE,1,2021-04-07 00:00:00
LN00617,LN00617,USR0399,USR0399,CREDIT_CARD_DEBT,80000,80000.0,21,30.21,30.21,4952,4952.0,7,14,6,2026-09-06,ACTIVE,1,2021-04-07 00:00:00
LN00618,LN00618,USR0400,USR0400,HOME_LOAN,3740000,3740000.0,132,8.44,8.44,43585,43585.0,35,97,1,2026-09-01,ACTIVE,1,2021-11-29 00:00:00
LN00619,LN00619,USR0400,USR0400,PERSONAL_LOAN,720000,720000.0,23,14.39,14.39,36006,36006.0,4,19,5,2026-09-05,ACTIVE,1,2021-11-29 00:00:00
LN00620,LN00620,USR0401,USR0401,VEHICLE_LOAN,350000,350000.0,44,8.03,8.03,9209,9209.0,29,15,1,2026-09-01,ACTIVE,1,2023-06-19 00:00:00
LN00621,LN00621,USR0402,USR0402,VEHICLE_LOAN,650000,650000.0,45,8.54,8.54,16932,16932.0,1,44,8,2026-09-08,ACTIVE,1,2023-12-31 00:00:00
LN00622,LN00622,USR0402,USR0402,PERSONAL_LOAN,770000,770000.0,25,13.41,13.41,35473,35473.0,11,14,7,2026-09-07,ACTIVE,1,2023-12-31 00:00:00
LN00623,LN00623,USR0404,USR0404,EDUCATION_LOAN,1490000,1490000.0,110,8.23,8.23,19336,19336.0,52,58,8,2026-09-08,ACTIVE,1,2022-11-29 00:00:00
LN00624,LN00624,USR0405,USR0405,EDUCATION_LOAN,1690000,1690000.0,89,9.38,9.38,26425,26425.0,45,44,1,2026-09-01,ACTIVE,1,2023-09-27 00:00:00
LN00625,LN00625,USR0406,USR0406,VEHICLE_LOAN,630000,630000.0,41,8.18,8.18,17665,17665.0,10,31,1,2026-09-01,ACTIVE,1,2022-09-24 00:00:00
LN00626,LN00626,USR0407,USR0407,VEHICLE_LOAN,650000,650000.0,61,8.84,8.84,13267,13267.0,5,56,9,2026-09-09,ACTIVE,1,2021-06-07 00:00:00
LN00627,LN00627,USR0408,USR0408,EDUCATION_LOAN,1750000,1750000.0,71,10.94,10.94,33588,33588.0,13,58,5,2026-09-05,ACTIVE,1,2022-07-28 00:00:00
LN00628,LN00628,USR0409,USR0409,CREDIT_CARD_DEBT,220000,220000.0,32,28.36,28.36,9876,9876.0,1,31,2,2026-09-02,ACTIVE,1,2024-10-06 00:00:00
LN00629,LN00629,USR0410,USR0410,PERSONAL_LOAN,240000,240000.0,27,15.73,15.73,10612,10612.0,24,3,1,2026-09-01,ACTIVE,1,2023-06-26 00:00:00
LN00630,LN00630,USR0410,USR0410,EDUCATION_LOAN,1990000,1990000.0,72,10.14,10.14,37007,37007.0,30,42,2,2026-09-02,ACTIVE,1,2023-06-26 00:00:00
LN00631,LN00631,USR0410,USR0410,CREDIT_CARD_DEBT,250000,250000.0,22,34.25,34.25,15459,15459.0,7,15,8,2026-09-08,ACTIVE,1,2023-06-26 00:00:00
LN00632,LN00632,USR0412,USR0412,CREDIT_CARD_DEBT,160000,160000.0,27,25.32,25.32,7834,7834.0,10,17,6,2026-09-06,ACTIVE,1,2021-09-17 00:00:00
LN00633,LN00633,USR0413,USR0413,PERSONAL_LOAN,790000,790000.0,59,11.55,11.55,17612,17612.0,36,23,9,2026-09-09,ACTIVE,1,2021-11-04 00:00:00
LN00634,LN00634,USR0413,USR0413,HOME_LOAN,6760000,6760000.0,151,9.32,9.32,76192,76192.0,17,134,8,2026-09-08,ACTIVE,1,2021-11-04 00:00:00
LN00635,LN00635,USR0414,USR0414,VEHICLE_LOAN,1160000,1160000.0,59,10.09,10.09,25020,25020.0,57,2,1,2026-09-01,ACTIVE,1,2022-11-07 00:00:00
LN00636,LN00636,USR0414,USR0414,PERSONAL_LOAN,780000,780000.0,54,14.67,14.67,19818,19818.0,14,40,2,2026-09-02,ACTIVE,1,2022-11-07 00:00:00
LN00637,LN00637,USR0415,USR0415,PERSONAL_LOAN,430000,430000.0,52,14.45,14.45,11175,11175.0,28,24,6,2026-09-06,ACTIVE,1,2023-01-24 00:00:00
LN00638,LN00638,USR0416,USR0416,HOME_LOAN,5840000,5840000.0,162,8.83,8.83,61825,61825.0,51,111,5,2026-09-05,ACTIVE,1,2024-07-30 00:00:00
LN00639,LN00639,USR0418,USR0418,PERSONAL_LOAN,640000,640000.0,37,13.24,13.24,21161,21161.0,16,21,1,2026-09-01,ACTIVE,1,2022-06-24 00:00:00
LN00640,LN00640,USR0419,USR0419,CREDIT_CARD_DEBT,20000,20000.0,25,30.43,30.43,1090,1090.0,5,20,6,2026-09-06,ACTIVE,1,2022-08-01 00:00:00
LN00641,LN00641,USR0419,USR0419,EDUCATION_LOAN,1880000,1880000.0,109,8.69,8.69,25000,25000.0,6,103,4,2026-09-04,ACTIVE,1,2022-08-01 00:00:00
LN00642,LN00642,USR0420,USR0420,PERSONAL_LOAN,260000,260000.0,17,12.27,12.27,16740,16740.0,11,6,1,2026-09-01,ACTIVE,1,2021-07-15 00:00:00
LN00643,LN00643,USR0420,USR0420,EDUCATION_LOAN,1760000,1760000.0,63,10.19,10.19,36188,36188.0,23,40,3,2026-09-03,ACTIVE,1,2021-07-15 00:00:00
LN00644,LN00644,USR0421,USR0421,CREDIT_CARD_DEBT,120000,120000.0,31,24.53,24.53,5264,5264.0,4,27,3,2026-09-03,ACTIVE,1,2023-07-03 00:00:00
LN00645,LN00645,USR0422,USR0422,CREDIT_CARD_DEBT,170000,170000.0,13,26.13,26.13,15156,15156.0,6,7,9,2026-09-09,ACTIVE,1,2022-10-27 00:00:00
LN00646,LN00646,USR0423,USR0423,VEHICLE_LOAN,600000,600000.0,64,11.68,11.68,12640,12640.0,47,17,4,2026-09-04,ACTIVE,1,2023-04-11 00:00:00
LN00647,LN00647,USR0424,USR0424,EDUCATION_LOAN,470000,470000.0,106,10.28,10.28,6765,6765.0,9,97,5,2026-09-05,ACTIVE,1,2024-04-05 00:00:00
LN00648,LN00648,USR0424,USR0424,VEHICLE_LOAN,570000,570000.0,38,9.57,9.57,17447,17447.0,32,6,8,2026-09-08,ACTIVE,1,2024-04-05 00:00:00
LN00649,LN00649,USR0425,USR0425,EDUCATION_LOAN,1870000,1870000.0,104,10.85,10.85,27816,27816.0,32,72,4,2026-09-04,ACTIVE,1,2021-11-22 00:00:00
LN00650,LN00650,USR0425,USR0425,CREDIT_CARD_DEBT,150000,150000.0,24,30.43,30.43,8420,8420.0,6,18,9,2026-09-09,ACTIVE,1,2021-11-22 00:00:00
LN00651,LN00651,USR0426,USR0426,EDUCATION_LOAN,800000,800000.0,106,9.69,9.69,11261,11261.0,30,76,5,2026-09-05,ACTIVE,1,2021-11-23 00:00:00
LN00652,LN00652,USR0426,USR0426,VEHICLE_LOAN,560000,560000.0,74,10.63,10.63,10349,10349.0,59,15,9,2026-09-09,ACTIVE,1,2021-11-23 00:00:00
LN00653,LN00653,USR0427,USR0427,VEHICLE_LOAN,390000,390000.0,40,11.67,11.67,11816,11816.0,34,6,3,2026-09-03,ACTIVE,1,2022-11-05 00:00:00
LN00654,LN00654,USR0428,USR0428,CREDIT_CARD_DEBT,140000,140000.0,15,27.98,27.98,11168,11168.0,14,1,5,2026-09-05,ACTIVE,1,2024-07-12 00:00:00
LN00655,LN00655,USR0429,USR0429,CREDIT_CARD_DEBT,30000,30000.0,17,27.15,27.15,2145,2145.0,15,2,1,2026-09-01,ACTIVE,1,2022-11-14 00:00:00
LN00656,LN00656,USR0430,USR0430,CREDIT_CARD_DEBT,80000,80000.0,29,41.11,41.11,4396,4396.0,6,23,1,2026-09-01,ACTIVE,1,2022-03-29 00:00:00
LN00657,LN00657,USR0430,USR0430,EDUCATION_LOAN,1330000,1330000.0,99,9.31,9.31,19297,19297.0,55,44,6,2026-09-06,ACTIVE,1,2022-03-29 00:00:00
LN00658,LN00658,USR0431,USR0431,VEHICLE_LOAN,720000,720000.0,56,11.04,11.04,16510,16510.0,47,9,2,2026-09-02,ACTIVE,1,2022-08-23 00:00:00
LN00659,LN00659,USR0432,USR0432,CREDIT_CARD_DEBT,100000,100000.0,32,40.09,40.09,5135,5135.0,13,19,4,2026-09-04,ACTIVE,1,2023-08-15 00:00:00
LN00660,LN00660,USR0433,USR0433,CREDIT_CARD_DEBT,230000,230000.0,10,31.55,31.55,26455,26455.0,5,5,6,2026-09-06,ACTIVE,1,2024-05-27 00:00:00
LN00661,LN00661,USR0433,USR0433,EDUCATION_LOAN,1650000,1650000.0,86,9.43,9.43,26466,26466.0,42,44,6,2026-09-06,ACTIVE,1,2024-05-27 00:00:00
LN00662,LN00662,USR0433,USR0433,VEHICLE_LOAN,700000,700000.0,43,8.82,8.82,19046,19046.0,7,36,9,2026-09-09,ACTIVE,1,2024-05-27 00:00:00
LN00663,LN00663,USR0434,USR0434,PERSONAL_LOAN,230000,230000.0,14,12.32,12.32,17722,17722.0,3,11,3,2026-09-03,ACTIVE,1,2021-07-11 00:00:00
LN00664,LN00664,USR0435,USR0435,PERSONAL_LOAN,240000,240000.0,18,10.89,10.89,14512,14512.0,16,2,4,2026-09-04,ACTIVE,1,2021-05-09 00:00:00
LN00665,LN00665,USR0435,USR0435,CREDIT_CARD_DEBT,40000,40000.0,9,40.93,40.93,5236,5236.0,1,8,10,2026-09-10,ACTIVE,1,2021-05-09 00:00:00
LN00666,LN00666,USR0436,USR0436,EDUCATION_LOAN,1060000,1060000.0,102,10.43,10.43,15713,15713.0,32,70,9,2026-09-09,ACTIVE,1,2023-11-17 00:00:00
LN00667,LN00667,USR0437,USR0437,EDUCATION_LOAN,930000,930000.0,83,10.08,10.08,15606,15606.0,15,68,10,2026-09-10,ACTIVE,1,2023-05-16 00:00:00
LN00668,LN00668,USR0437,USR0437,PERSONAL_LOAN,640000,640000.0,57,14.1,14.1,15468,15468.0,5,52,1,2026-09-01,ACTIVE,1,2023-05-16 00:00:00
LN00669,LN00669,USR0438,USR0438,EDUCATION_LOAN,1800000,1800000.0,89,9.62,9.62,28368,28368.0,52,37,1,2026-09-01,ACTIVE,1,2023-06-07 00:00:00
LN00670,LN00670,USR0438,USR0438,HOME_LOAN,3690000,3690000.0,212,8.35,8.35,33342,33342.0,36,176,7,2026-09-07,ACTIVE,1,2023-06-07 00:00:00
LN00671,LN00671,USR0440,USR0440,VEHICLE_LOAN,970000,970000.0,81,8.0,8.0,15537,15537.0,4,77,10,2026-09-10,ACTIVE,1,2022-06-01 00:00:00
LN00672,LN00672,USR0441,USR0441,VEHICLE_LOAN,720000,720000.0,69,8.22,8.22,13129,13129.0,3,66,2,2026-09-02,ACTIVE,1,2022-09-17 00:00:00
LN00673,LN00673,USR0442,USR0442,EDUCATION_LOAN,760000,760000.0,64,8.91,8.91,14962,14962.0,14,50,9,2026-09-09,ACTIVE,1,2023-08-03 00:00:00
LN00674,LN00674,USR0443,USR0443,PERSONAL_LOAN,260000,260000.0,18,10.51,10.51,15676,15676.0,8,10,9,2026-09-09,ACTIVE,1,2021-08-26 00:00:00
LN00675,LN00675,USR0444,USR0444,EDUCATION_LOAN,1950000,1950000.0,72,8.67,8.67,34831,34831.0,34,38,4,2026-09-04,ACTIVE,1,2021-02-15 00:00:00
LN00676,LN00676,USR0444,USR0444,PERSONAL_LOAN,560000,560000.0,48,14.58,14.58,15466,15466.0,41,7,3,2026-09-03,ACTIVE,1,2021-02-15 00:00:00
LN00677,LN00677,USR0445,USR0445,CREDIT_CARD_DEBT,120000,120000.0,29,29.45,29.45,5832,5832.0,4,25,10,2026-09-10,ACTIVE,1,2021-12-29 00:00:00
LN00678,LN00678,USR0445,USR0445,EDUCATION_LOAN,920000,920000.0,82,10.14,10.14,15597,15597.0,44,38,8,2026-09-08,ACTIVE,1,2021-12-29 00:00:00
LN00679,LN00679,USR0446,USR0446,EDUCATION_LOAN,690000,690000.0,110,9.11,9.11,9275,9275.0,12,98,9,2026-09-09,ACTIVE,1,2021-04-11 00:00:00
LN00680,LN00680,USR0446,USR0446,HOME_LOAN,7410000,7410000.0,222,9.11,9.11,69156,69156.0,33,189,6,2026-09-06,ACTIVE,1,2021-04-11 00:00:00
LN00681,LN00681,USR0446,USR0446,CREDIT_CARD_DEBT,250000,250000.0,27,37.58,37.58,13855,13855.0,6,21,9,2026-09-09,ACTIVE,1,2021-04-11 00:00:00
LN00682,LN00682,USR0447,USR0447,CREDIT_CARD_DEBT,160000,160000.0,20,35.9,35.9,10746,10746.0,12,8,6,2026-09-06,ACTIVE,1,2021-11-05 00:00:00
LN00683,LN00683,USR0448,USR0448,CREDIT_CARD_DEBT,150000,150000.0,16,36.77,36.77,12000,12000.0,14,2,6,2026-09-06,ACTIVE,1,2024-06-14 00:00:00
LN00684,LN00684,USR0450,USR0450,EDUCATION_LOAN,1330000,1330000.0,112,10.86,10.86,18942,18942.0,47,65,6,2026-09-06,ACTIVE,1,2021-03-12 00:00:00
LN00685,LN00685,USR0450,USR0450,CREDIT_CARD_DEBT,30000,30000.0,25,28.78,28.78,1609,1609.0,8,17,10,2026-09-10,ACTIVE,1,2021-03-12 00:00:00
LN00686,LN00686,USR0451,USR0451,EDUCATION_LOAN,870000,870000.0,83,10.14,10.14,14626,14626.0,29,54,8,2026-09-08,ACTIVE,1,2023-05-07 00:00:00
LN00687,LN00687,USR0451,USR0451,VEHICLE_LOAN,960000,960000.0,61,8.41,8.41,19395,19395.0,1,60,1,2026-09-01,ACTIVE,1,2023-05-07 00:00:00
LN00688,LN00688,USR0452,USR0452,VEHICLE_LOAN,710000,710000.0,74,9.48,9.48,12708,12708.0,2,72,9,2026-09-09,ACTIVE,1,2023-04-04 00:00:00
LN00689,LN00689,USR0453,USR0453,PERSONAL_LOAN,680000,680000.0,31,14.33,14.33,26375,26375.0,8,23,4,2026-09-04,ACTIVE,1,2023-01-19 00:00:00
LN00690,LN00690,USR0453,USR0453,VEHICLE_LOAN,910000,910000.0,56,9.85,9.85,20335,20335.0,2,54,5,2026-09-05,ACTIVE,1,2023-01-19 00:00:00
LN00691,LN00691,USR0453,USR0453,HOME_LOAN,7530000,7530000.0,261,8.89,8.89,65296,65296.0,33,228,9,2026-09-09,ACTIVE,1,2023-01-19 00:00:00
LN00692,LN00692,USR0454,USR0454,VEHICLE_LOAN,1060000,1060000.0,38,9.1,9.1,32212,32212.0,30,8,6,2026-09-06,ACTIVE,1,2024-08-17 00:00:00
LN00693,LN00693,USR0454,USR0454,PERSONAL_LOAN,660000,660000.0,21,11.57,11.57,34868,34868.0,5,16,5,2026-09-05,ACTIVE,1,2024-08-17 00:00:00
LN00694,LN00694,USR0455,USR0455,VEHICLE_LOAN,540000,540000.0,73,11.91,11.91,10433,10433.0,16,57,4,2026-09-04,ACTIVE,1,2023-01-30 00:00:00
LN00695,LN00695,USR0456,USR0456,EDUCATION_LOAN,1520000,1520000.0,65,10.18,10.18,30518,30518.0,37,28,7,2026-09-07,ACTIVE,1,2024-01-10 00:00:00
LN00696,LN00696,USR0456,USR0456,VEHICLE_LOAN,760000,760000.0,72,11.79,11.79,14775,14775.0,59,13,4,2026-09-04,ACTIVE,1,2024-01-10 00:00:00
LN00697,LN00697,USR0457,USR0457,HOME_LOAN,4280000,4280000.0,243,7.83,7.83,35168,35168.0,12,231,8,2026-09-08,ACTIVE,1,2023-09-15 00:00:00
LN00698,LN00698,USR0457,USR0457,VEHICLE_LOAN,990000,990000.0,80,10.94,10.94,17485,17485.0,45,35,10,2026-09-10,ACTIVE,1,2023-09-15 00:00:00
LN00699,LN00699,USR0458,USR0458,HOME_LOAN,2150000,2150000.0,272,9.18,9.18,18815,18815.0,42,230,5,2026-09-05,ACTIVE,1,2024-11-03 00:00:00
LN00700,LN00700,USR0459,USR0459,HOME_LOAN,6220000,6220000.0,267,9.44,9.44,55820,55820.0,25,242,2,2026-09-02,ACTIVE,1,2024-12-23 00:00:00
LN00701,LN00701,USR0460,USR0460,VEHICLE_LOAN,430000,430000.0,63,10.82,10.82,8976,8976.0,27,36,2,2026-09-02,ACTIVE,1,2024-06-07 00:00:00
LN00702,LN00702,USR0460,USR0460,CREDIT_CARD_DEBT,210000,210000.0,33,33.84,33.84,9861,9861.0,15,18,10,2026-09-10,ACTIVE,1,2024-06-07 00:00:00
LN00703,LN00703,USR0461,USR0461,HOME_LOAN,2310000,2310000.0,198,8.51,8.51,21749,21749.0,34,164,1,2026-09-01,ACTIVE,1,2024-05-13 00:00:00
LN00704,LN00704,USR0461,USR0461,EDUCATION_LOAN,1550000,1550000.0,80,10.59,10.59,27094,27094.0,35,45,10,2026-09-10,ACTIVE,1,2024-05-13 00:00:00
LN00705,LN00705,USR0461,USR0461,CREDIT_CARD_DEBT,60000,60000.0,10,38.4,38.4,7106,7106.0,6,4,9,2026-09-09,ACTIVE,1,2024-05-13 00:00:00
LN00706,LN00706,USR0462,USR0462,VEHICLE_LOAN,600000,600000.0,45,8.53,8.53,15626,15626.0,4,41,7,2026-09-07,ACTIVE,1,2022-10-29 00:00:00
LN00707,LN00707,USR0463,USR0463,CREDIT_CARD_DEBT,60000,60000.0,24,29.58,29.58,3342,3342.0,17,7,2,2026-09-02,ACTIVE,1,2022-06-09 00:00:00
LN00708,LN00708,USR0463,USR0463,EDUCATION_LOAN,860000,860000.0,74,10.61,10.61,15885,15885.0,28,46,5,2026-09-05,ACTIVE,1,2022-06-09 00:00:00
LN00709,LN00709,USR0464,USR0464,CREDIT_CARD_DEBT,200000,200000.0,10,28.51,28.51,22705,22705.0,3,7,6,2026-09-06,ACTIVE,1,2021-07-23 00:00:00
LN00710,LN00710,USR0465,USR0465,HOME_LOAN,5430000,5430000.0,266,9.17,9.17,47804,47804.0,48,218,1,2026-09-01,ACTIVE,1,2023-09-01 00:00:00
LN00711,LN00711,USR0465,USR0465,EDUCATION_LOAN,1850000,1850000.0,95,8.04,8.04,26387,26387.0,26,69,5,2026-09-05,ACTIVE,1,2023-09-01 00:00:00
LN00712,LN00712,USR0466,USR0466,PERSONAL_LOAN,140000,140000.0,44,13.52,13.52,4053,4053.0,28,16,3,2026-09-03,ACTIVE,1,2024-03-18 00:00:00
LN00713,LN00713,USR0466,USR0466,VEHICLE_LOAN,490000,490000.0,84,9.23,9.23,7941,7941.0,9,75,8,2026-09-08,ACTIVE,1,2024-03-18 00:00:00
LN00714,LN00714,USR0467,USR0467,VEHICLE_LOAN,820000,820000.0,67,9.34,9.34,15753,15753.0,26,41,10,2026-09-10,ACTIVE,1,2022-11-08 00:00:00
LN00715,LN00715,USR0468,USR0468,PERSONAL_LOAN,380000,380000.0,27,10.88,10.88,15930,15930.0,3,24,5,2026-09-05,ACTIVE,1,2021-05-21 00:00:00
LN00716,LN00716,USR0468,USR0468,CREDIT_CARD_DEBT,200000,200000.0,30,29.14,29.14,9464,9464.0,14,16,6,2026-09-06,ACTIVE,1,2021-05-21 00:00:00
LN00717,LN00717,USR0469,USR0469,CREDIT_CARD_DEBT,180000,180000.0,9,29.98,29.98,22580,22580.0,7,2,7,2026-09-07,ACTIVE,1,2024-03-20 00:00:00
LN00718,LN00718,USR0469,USR0469,HOME_LOAN,2340000,2340000.0,213,8.25,8.25,20958,20958.0,23,190,4,2026-09-04,ACTIVE,1,2024-03-20 00:00:00
LN00719,LN00719,USR0470,USR0470,VEHICLE_LOAN,840000,840000.0,77,10.69,10.69,15122,15122.0,2,75,5,2026-09-05,ACTIVE,1,2022-12-28 00:00:00
LN00720,LN00720,USR0470,USR0470,CREDIT_CARD_DEBT,170000,170000.0,11,27.58,27.58,17666,17666.0,6,5,10,2026-09-10,ACTIVE,1,2022-12-28 00:00:00
LN00721,LN00721,USR0470,USR0470,EDUCATION_LOAN,1070000,1070000.0,112,10.25,10.25,14879,14879.0,52,60,8,2026-09-08,ACTIVE,1,2022-12-28 00:00:00
LN00722,LN00722,USR0471,USR0471,VEHICLE_LOAN,480000,480000.0,64,9.11,9.11,9497,9497.0,3,61,4,2026-09-04,ACTIVE,1,2022-11-07 00:00:00
LN00723,LN00723,USR0472,USR0472,VEHICLE_LOAN,1180000,1180000.0,84,8.27,8.27,18551,18551.0,47,37,2,2026-09-02,ACTIVE,1,2021-01-08 00:00:00
LN00724,LN00724,USR0472,USR0472,PERSONAL_LOAN,460000,460000.0,19,11.49,11.49,26595,26595.0,2,17,4,2026-09-04,ACTIVE,1,2021-01-08 00:00:00
LN00725,LN00725,USR0473,USR0473,CREDIT_CARD_DEBT,50000,50000.0,33,31.26,31.26,2277,2277.0,19,14,1,2026-09-01,ACTIVE,1,2024-10-30 00:00:00
LN00726,LN00726,USR0473,USR0473,PERSONAL_LOAN,620000,620000.0,33,14.38,14.38,22858,22858.0,8,25,5,2026-09-05,ACTIVE,1,2024-10-30 00:00:00
LN00727,LN00727,USR0474,USR0474,CREDIT_CARD_DEBT,100000,100000.0,21,31.16,31.16,6238,6238.0,1,20,6,2026-09-06,ACTIVE,1,2021-12-27 00:00:00
LN00728,LN00728,USR0475,USR0475,PERSONAL_LOAN,240000,240000.0,59,13.16,13.16,5546,5546.0,35,24,4,2026-09-04,ACTIVE,1,2022-03-24 00:00:00
LN00729,LN00729,USR0476,USR0476,VEHICLE_LOAN,490000,490000.0,70,10.63,10.63,9423,9423.0,34,36,5,2026-09-05,ACTIVE,1,2021-12-16 00:00:00
LN00730,LN00730,USR0477,USR0477,CREDIT_CARD_DEBT,160000,160000.0,25,25.39,25.39,8307,8307.0,24,1,3,2026-09-03,ACTIVE,1,2022-07-13 00:00:00
LN00731,LN00731,USR0477,USR0477,EDUCATION_LOAN,520000,520000.0,104,10.85,10.85,7735,7735.0,45,59,1,2026-09-01,ACTIVE,1,2022-07-13 00:00:00
LN00732,LN00732,USR0478,USR0478,EDUCATION_LOAN,550000,550000.0,97,9.8,9.8,8231,8231.0,58,39,9,2026-09-09,ACTIVE,1,2024-10-27 00:00:00
LN00733,LN00733,USR0479,USR0479,HOME_LOAN,5890000,5890000.0,163,8.03,8.03,59465,59465.0,4,159,5,2026-09-05,ACTIVE,1,2024-05-06 00:00:00
LN00734,LN00734,USR0479,USR0479,VEHICLE_LOAN,220000,220000.0,48,11.86,11.86,5778,5778.0,45,3,10,2026-09-10,ACTIVE,1,2024-05-06 00:00:00
LN00735,LN00735,USR0481,USR0481,EDUCATION_LOAN,1530000,1530000.0,63,9.83,9.83,31186,31186.0,30,33,1,2026-09-01,ACTIVE,1,2023-11-05 00:00:00
LN00736,LN00736,USR0482,USR0482,PERSONAL_LOAN,290000,290000.0,36,13.79,13.79,9882,9882.0,18,18,6,2026-09-06,ACTIVE,1,2023-06-06 00:00:00
LN00737,LN00737,USR0483,USR0483,HOME_LOAN,7680000,7680000.0,286,7.71,7.71,58753,58753.0,25,261,4,2026-09-04,ACTIVE,1,2021-10-17 00:00:00
LN00738,LN00738,USR0483,USR0483,CREDIT_CARD_DEBT,60000,60000.0,18,41.01,41.01,4518,4518.0,17,1,2,2026-09-02,ACTIVE,1,2021-10-17 00:00:00
LN00739,LN00739,USR0483,USR0483,PERSONAL_LOAN,620000,620000.0,32,15.36,15.36,23735,23735.0,16,16,10,2026-09-10,ACTIVE,1,2021-10-17 00:00:00
LN00740,LN00740,USR0484,USR0484,CREDIT_CARD_DEBT,160000,160000.0,8,36.62,36.62,22843,22843.0,2,6,4,2026-09-04,ACTIVE,1,2022-09-12 00:00:00
LN00741,LN00741,USR0485,USR0485,CREDIT_CARD_DEBT,110000,110000.0,23,24.28,24.28,6029,6029.0,1,22,1,2026-09-01,ACTIVE,1,2024-04-05 00:00:00
LN00742,LN00742,USR0485,USR0485,EDUCATION_LOAN,1330000,1330000.0,75,8.76,8.76,23092,23092.0,60,15,9,2026-09-09,ACTIVE,1,2024-04-05 00:00:00
LN00743,LN00743,USR0486,USR0486,VEHICLE_LOAN,1160000,1160000.0,67,9.6,9.6,22434,22434.0,26,41,3,2026-09-03,ACTIVE,1,2023-08-14 00:00:00
LN00744,LN00744,USR0486,USR0486,CREDIT_CARD_DEBT,210000,210000.0,6,27.39,27.39,37849,37849.0,3,3,6,2026-09-06,ACTIVE,1,2023-08-14 00:00:00
LN00745,LN00745,USR0487,USR0487,VEHICLE_LOAN,1180000,1180000.0,51,8.41,8.41,27598,27598.0,33,18,5,2026-09-05,ACTIVE,1,2023-07-01 00:00:00
LN00746,LN00746,USR0487,USR0487,CREDIT_CARD_DEBT,20000,20000.0,31,31.8,31.8,954,954.0,2,29,5,2026-09-05,ACTIVE,1,2023-07-01 00:00:00
LN00747,LN00747,USR0488,USR0488,EDUCATION_LOAN,1600000,1600000.0,116,10.74,10.74,22227,22227.0,53,63,1,2026-09-01,ACTIVE,1,2024-06-25 00:00:00
LN00748,LN00748,USR0489,USR0489,CREDIT_CARD_DEBT,80000,80000.0,36,31.82,31.82,3476,3476.0,18,18,4,2026-09-04,ACTIVE,1,2022-12-08 00:00:00
LN00749,LN00749,USR0490,USR0490,PERSONAL_LOAN,110000,110000.0,37,13.74,13.74,3664,3664.0,9,28,2,2026-09-02,ACTIVE,1,2024-06-25 00:00:00
LN00750,LN00750,USR0490,USR0490,VEHICLE_LOAN,810000,810000.0,82,10.55,10.55,13904,13904.0,25,57,9,2026-09-09,ACTIVE,1,2024-06-25 00:00:00
LN00751,LN00751,USR0491,USR0491,CREDIT_CARD_DEBT,180000,180000.0,24,25.65,25.65,9666,9666.0,5,19,7,2026-09-07,ACTIVE,1,2023-10-13 00:00:00
LN00752,LN00752,USR0491,USR0491,PERSONAL_LOAN,240000,240000.0,31,15.33,15.33,9425,9425.0,30,1,10,2026-09-10,ACTIVE,1,2023-10-13 00:00:00
LN00753,LN00753,USR0492,USR0492,EDUCATION_LOAN,420000,420000.0,88,8.75,8.75,6483,6483.0,35,53,3,2026-09-03,ACTIVE,1,2023-06-01 00:00:00
LN00754,LN00754,USR0493,USR0493,PERSONAL_LOAN,290000,290000.0,53,11.86,11.86,7056,7056.0,9,44,10,2026-09-10,ACTIVE,1,2022-04-14 00:00:00
LN00755,LN00755,USR0494,USR0494,CREDIT_CARD_DEBT,130000,130000.0,27,37.19,37.19,7177,7177.0,26,1,4,2026-09-04,ACTIVE,1,2022-06-05 00:00:00
LN00756,LN00756,USR0495,USR0495,VEHICLE_LOAN,870000,870000.0,80,8.32,8.32,14205,14205.0,46,34,9,2026-09-09,ACTIVE,1,2024-12-31 00:00:00
LN00757,LN00757,USR0495,USR0495,CREDIT_CARD_DEBT,240000,240000.0,35,39.09,39.09,11593,11593.0,9,26,7,2026-09-07,ACTIVE,1,2024-12-31 00:00:00
LN00758,LN00758,USR0496,USR0496,VEHICLE_LOAN,1020000,1020000.0,40,11.73,11.73,30932,30932.0,36,4,9,2026-09-09,ACTIVE,1,2021-05-11 00:00:00
LN00759,LN00759,USR0496,USR0496,CREDIT_CARD_DEBT,150000,150000.0,36,27.61,27.61,6173,6173.0,8,28,3,2026-09-03,ACTIVE,1,2021-05-11 00:00:00
LN00760,LN00760,USR0497,USR0497,VEHICLE_LOAN,940000,940000.0,82,10.95,10.95,16332,16332.0,2,80,6,2026-09-06,ACTIVE,1,2022-12-25 00:00:00
LN00761,LN00761,USR0497,USR0497,PERSONAL_LOAN,470000,470000.0,38,10.88,10.88,14677,14677.0,27,11,5,2026-09-05,ACTIVE,1,2022-12-25 00:00:00
LN00762,LN00762,USR0498,USR0498,EDUCATION_LOAN,1870000,1870000.0,107,9.75,9.75,26227,26227.0,60,47,5,2026-09-05,ACTIVE,1,2022-10-13 00:00:00
LN00763,LN00763,USR0499,USR0499,PERSONAL_LOAN,290000,290000.0,18,12.53,12.53,17756,17756.0,5,13,3,2026-09-03,ACTIVE,1,2024-06-21 00:00:00
LN00764,LN00764,USR0499,USR0499,CREDIT_CARD_DEBT,230000,230000.0,6,36.0,36.0,42457,42457.0,5,1,10,2026-09-10,ACTIVE,1,2024-06-21 00:00:00
